Key_Dataset,Key_Run,Key_Fold,Key_Scheme,Key_Scheme_options,Key_Scheme_version_ID,Date_time,Number_of_training_instances,Number_of_testing_instances,Number_correct,Number_incorrect,Number_unclassified,Percent_correct,Percent_incorrect,Percent_unclassified,Kappa_statistic,Mean_absolute_error,Root_mean_squared_error,Relative_absolute_error,Root_relative_squared_error,SF_prior_entropy,SF_scheme_entropy,SF_entropy_gain,SF_mean_prior_entropy,SF_mean_scheme_entropy,SF_mean_entropy_gain,KB_information,KB_mean_information,KB_relative_information,True_positive_rate,Num_true_positives,False_positive_rate,Num_false_positives,True_negative_rate,Num_true_negatives,False_negative_rate,Num_false_negatives,IR_precision,IR_recall,F_measure,Matthews_correlation,Area_under_ROC,Area_under_PRC,Weighted_avg_true_positive_rate,Weighted_avg_false_positive_rate,Weighted_avg_true_negative_rate,Weighted_avg_false_negative_rate,Weighted_avg_IR_precision,Weighted_avg_IR_recall,Weighted_avg_F_measure,Weighted_avg_matthews_correlation,Weighted_avg_area_under_ROC,Weighted_avg_area_under_PRC,Unweighted_macro_avg_F_measure,Unweighted_micro_avg_F_measure,Elapsed_Time_training,Elapsed_Time_testing,UserCPU_Time_training,UserCPU_Time_testing,UserCPU_Time_millis_training,UserCPU_Time_millis_testing,Serialized_Model_Size,Serialized_Train_Set_Size,Serialized_Test_Set_Size,Coverage_of_Test_Cases_By_Regions,Size_of_Predicted_Regions,Summary
'WDBC_prepared-weka.filters.unsupervised.attribute.RenameNominalValues-weka.filters.unsupervised.attribute.RenameNominalValues-Rdiagnosis-NM:0,B:1-weka.filters.unsupervised.attribute.Normalize-S1.0-T0.0',1,1,weka.classifiers.meta.Stacking,'-X 10 -M \"weka.classifiers.lazy.IBk -K 3 -W 0 -A \\\"weka.core.neighboursearch.LinearNNSearch -A \\\\\\\"weka.core.EuclideanDistance -R first-last\\\\\\\"\\\"\" -S 1 -num-slots 1 -B \"weka.classifiers.functions.MultilayerPerceptron -L 0.01 -M 0.8 -N 50 -V 0 -S 0 -E 20 -H 8\" -B \"weka.classifiers.functions.MultilayerPerceptron -L 0.01 -M 0.8 -N 50 -V 0 -S 0 -E 20 -H 8\" -B \"weka.classifiers.functions.MultilayerPerceptron -L 0.01 -M 0.8 -N 50 -V 0 -S 0 -E 20 -H 8\" -B \"weka.classifiers.functions.MultilayerPerceptron -L 0.01 -M 0.8 -N 50 -V 0 -S 0 -E 20 -H 8\" -B \"weka.classifiers.functions.MultilayerPerceptron -L 0.01 -M 0.8 -N 50 -V 0 -S 0 -E 20 -H 8\" -B \"weka.classifiers.functions.MultilayerPerceptron -L 0.01 -M 0.8 -N 50 -V 0 -S 0 -E 20 -H 8\" -B \"weka.classifiers.functions.MultilayerPerceptron -L 0.01 -M 0.8 -N 50 -V 0 -S 0 -E 20 -H 8\" -B \"weka.classifiers.functions.MultilayerPerceptron -L 0.01 -M 0.8 -N 50 -V 0 -S 0 -E 20 -H 8\" -B \"weka.classifiers.trees.J48 -C 0.25 -M 2\" -B \"weka.classifiers.trees.J48 -C 0.25 -M 2\" -B \"weka.classifiers.trees.J48 -C 0.25 -M 2\" -B \"weka.classifiers.trees.J48 -C 0.25 -M 2\" -B \"weka.classifiers.trees.J48 -C 0.25 -M 2\" -B \"weka.classifiers.trees.J48 -C 0.25 -M 2\" -B \"weka.classifiers.trees.J48 -C 0.25 -M 2\"',5134738557155845452,2.0190608192E7,512.0,57.0,54.0,3.0,0.0,94.73684210526316,5.2631578947368425,0.0,0.8857715430861722,0.07657472680400618,0.22933368492711997,16.406950021235705,47.53979961651751,54.123379176780546,25.730840891405222,28.392538285375323,0.9495329680136938,0.4514182612527232,0.4981147067609706,45.45144174510892,0.7973937148264724,83.97746488934682,0.9047619047619048,19.0,0.027777777777777776,1.0,0.9722222222222222,35.0,0.09523809523809523,2.0,0.95,0.9047619047619048,0.9268292682926829,0.8864143349643965,0.957010582010582,0.911752847592126,0.9473684210526315,0.07038429406850459,0.9296157059314955,0.05263157894736842,0.9474395448079658,0.9473684210526315,0.9470870627956459,0.8864143349643965,0.957010582010582,0.9420998667263306,0.942866688940862,0.9473684210526315,16.594,0.006,16.415896,0.006012,16415.896,6.012,349897.0,144714.0,18679.0,96.49122807017544,55.26315789473684,?
'WDBC_prepared-weka.filters.unsupervised.attribute.RenameNominalValues-weka.filters.unsupervised.attribute.RenameNominalValues-Rdiagnosis-NM:0,B:1-weka.filters.unsupervised.attribute.Normalize-S1.0-T0.0',1,2,weka.classifiers.meta.Stacking,'-X 10 -M \"weka.classifiers.lazy.IBk -K 3 -W 0 -A \\\"weka.core.neighboursearch.LinearNNSearch -A \\\\\\\"weka.core.EuclideanDistance -R first-last\\\\\\\"\\\"\" -S 1 -num-slots 1 -B \"weka.classifiers.functions.MultilayerPerceptron -L 0.01 -M 0.8 -N 50 -V 0 -S 0 -E 20 -H 8\" -B \"weka.classifiers.functions.MultilayerPerceptron -L 0.01 -M 0.8 -N 50 -V 0 -S 0 -E 20 -H 8\" -B \"weka.classifiers.functions.MultilayerPerceptron -L 0.01 -M 0.8 -N 50 -V 0 -S 0 -E 20 -H 8\" -B \"weka.classifiers.functions.MultilayerPerceptron -L 0.01 -M 0.8 -N 50 -V 0 -S 0 -E 20 -H 8\" -B \"weka.classifiers.functions.MultilayerPerceptron -L 0.01 -M 0.8 -N 50 -V 0 -S 0 -E 20 -H 8\" -B \"weka.classifiers.functions.MultilayerPerceptron -L 0.01 -M 0.8 -N 50 -V 0 -S 0 -E 20 -H 8\" -B \"weka.classifiers.functions.MultilayerPerceptron -L 0.01 -M 0.8 -N 50 -V 0 -S 0 -E 20 -H 8\" -B \"weka.classifiers.functions.MultilayerPerceptron -L 0.01 -M 0.8 -N 50 -V 0 -S 0 -E 20 -H 8\" -B \"weka.classifiers.trees.J48 -C 0.25 -M 2\" -B \"weka.classifiers.trees.J48 -C 0.25 -M 2\" -B \"weka.classifiers.trees.J48 -C 0.25 -M 2\" -B \"weka.classifiers.trees.J48 -C 0.25 -M 2\" -B \"weka.classifiers.trees.J48 -C 0.25 -M 2\" -B \"weka.classifiers.trees.J48 -C 0.25 -M 2\" -B \"weka.classifiers.trees.J48 -C 0.25 -M 2\"',5134738557155845452,2.0190608192E7,512.0,57.0,54.0,3.0,0.0,94.73684210526316,5.2631578947368425,0.0,0.8857715430861722,0.07657472680400615,0.22933368492711997,16.4069500212357,47.53979961651751,54.123379176780546,25.73084089140523,28.392538285375316,0.9495329680136938,0.45141826125272333,0.49811470676097047,45.45144174510892,0.7973937148264724,83.97746488934682,0.9047619047619048,19.0,0.027777777777777776,1.0,0.9722222222222222,35.0,0.09523809523809523,2.0,0.95,0.9047619047619048,0.9268292682926829,0.8864143349643965,0.9464285714285714,0.9327067669172933,0.9473684210526315,0.07038429406850459,0.9296157059314955,0.05263157894736842,0.9474395448079658,0.9473684210526315,0.9470870627956459,0.8864143349643965,0.9464285714285714,0.9380889209110276,0.942866688940862,0.9473684210526315,16.284,0.006,16.165442,0.006041,16165.442,6.041,360089.0,144714.0,18679.0,96.49122807017544,55.26315789473684,?
'WDBC_prepared-weka.filters.unsupervised.attribute.RenameNominalValues-weka.filters.unsupervised.attribute.RenameNominalValues-Rdiagnosis-NM:0,B:1-weka.filters.unsupervised.attribute.Normalize-S1.0-T0.0',1,3,weka.classifiers.meta.Stacking,'-X 10 -M \"weka.classifiers.lazy.IBk -K 3 -W 0 -A \\\"weka.core.neighboursearch.LinearNNSearch -A \\\\\\\"weka.core.EuclideanDistance -R first-last\\\\\\\"\\\"\" -S 1 -num-slots 1 -B \"weka.classifiers.functions.MultilayerPerceptron -L 0.01 -M 0.8 -N 50 -V 0 -S 0 -E 20 -H 8\" -B \"weka.classifiers.functions.MultilayerPerceptron -L 0.01 -M 0.8 -N 50 -V 0 -S 0 -E 20 -H 8\" -B \"weka.classifiers.functions.MultilayerPerceptron -L 0.01 -M 0.8 -N 50 -V 0 -S 0 -E 20 -H 8\" -B \"weka.classifiers.functions.MultilayerPerceptron -L 0.01 -M 0.8 -N 50 -V 0 -S 0 -E 20 -H 8\" -B \"weka.classifiers.functions.MultilayerPerceptron -L 0.01 -M 0.8 -N 50 -V 0 -S 0 -E 20 -H 8\" -B \"weka.classifiers.functions.MultilayerPerceptron -L 0.01 -M 0.8 -N 50 -V 0 -S 0 -E 20 -H 8\" -B \"weka.classifiers.functions.MultilayerPerceptron -L 0.01 -M 0.8 -N 50 -V 0 -S 0 -E 20 -H 8\" -B \"weka.classifiers.functions.MultilayerPerceptron -L 0.01 -M 0.8 -N 50 -V 0 -S 0 -E 20 -H 8\" -B \"weka.classifiers.trees.J48 -C 0.25 -M 2\" -B \"weka.classifiers.trees.J48 -C 0.25 -M 2\" -B \"weka.classifiers.trees.J48 -C 0.25 -M 2\" -B \"weka.classifiers.trees.J48 -C 0.25 -M 2\" -B \"weka.classifiers.trees.J48 -C 0.25 -M 2\" -B \"weka.classifiers.trees.J48 -C 0.25 -M 2\" -B \"weka.classifiers.trees.J48 -C 0.25 -M 2\"',5134738557155845452,2.01906081921E7,512.0,57.0,50.0,7.0,0.0,87.71929824561404,12.280701754385966,0.0,0.7334669338677354,0.14665890995368772,0.35025436784133523,31.423232001046788,72.60609128257205,54.123379176780546,68.07444669016832,-13.95106751338777,0.9495329680136938,1.1942885384240056,-0.24475557041031176,37.077469573069436,0.6504819223345515,68.50545944658244,0.8095238095238095,17.0,0.08333333333333333,3.0,0.9166666666666666,33.0,0.19047619047619047,4.0,0.85,0.8095238095238095,0.8292682926829269,0.7339992004456315,0.8617724867724867,0.787900306321359,0.8771929824561403,0.15100250626566417,0.8489974937343358,0.12280701754385964,0.8764580369843528,0.8771929824561403,0.8765364798565074,0.7339992004456315,0.8617724867724867,0.8374258816087071,0.8666889408620113,0.8771929824561403,16.073,0.007,16.019663,0.006308,16019.663,6.308,347349.0,144714.0,18679.0,89.47368421052632,55.26315789473684,?
'WDBC_prepared-weka.filters.unsupervised.attribute.RenameNominalValues-weka.filters.unsupervised.attribute.RenameNominalValues-Rdiagnosis-NM:0,B:1-weka.filters.unsupervised.attribute.Normalize-S1.0-T0.0',1,4,weka.classifiers.meta.Stacking,'-X 10 -M \"weka.classifiers.lazy.IBk -K 3 -W 0 -A \\\"weka.core.neighboursearch.LinearNNSearch -A \\\\\\\"weka.core.EuclideanDistance -R first-last\\\\\\\"\\\"\" -S 1 -num-slots 1 -B \"weka.classifiers.functions.MultilayerPerceptron -L 0.01 -M 0.8 -N 50 -V 0 -S 0 -E 20 -H 8\" -B \"weka.classifiers.functions.MultilayerPerceptron -L 0.01 -M 0.8 -N 50 -V 0 -S 0 -E 20 -H 8\" -B \"weka.classifiers.functions.MultilayerPerceptron -L 0.01 -M 0.8 -N 50 -V 0 -S 0 -E 20 -H 8\" -B \"weka.classifiers.functions.MultilayerPerceptron -L 0.01 -M 0.8 -N 50 -V 0 -S 0 -E 20 -H 8\" -B \"weka.classifiers.functions.MultilayerPerceptron -L 0.01 -M 0.8 -N 50 -V 0 -S 0 -E 20 -H 8\" -B \"weka.classifiers.functions.MultilayerPerceptron -L 0.01 -M 0.8 -N 50 -V 0 -S 0 -E 20 -H 8\" -B \"weka.classifiers.functions.MultilayerPerceptron -L 0.01 -M 0.8 -N 50 -V 0 -S 0 -E 20 -H 8\" -B \"weka.classifiers.functions.MultilayerPerceptron -L 0.01 -M 0.8 -N 50 -V 0 -S 0 -E 20 -H 8\" -B \"weka.classifiers.trees.J48 -C 0.25 -M 2\" -B \"weka.classifiers.trees.J48 -C 0.25 -M 2\" -B \"weka.classifiers.trees.J48 -C 0.25 -M 2\" -B \"weka.classifiers.trees.J48 -C 0.25 -M 2\" -B \"weka.classifiers.trees.J48 -C 0.25 -M 2\" -B \"weka.classifiers.trees.J48 -C 0.25 -M 2\" -B \"weka.classifiers.trees.J48 -C 0.25 -M 2\"',5134738557155845452,2.01906081921E7,512.0,57.0,54.0,3.0,0.0,94.73684210526316,5.2631578947368425,0.0,0.8901734104046242,0.07073437820819935,0.2250379812889075,15.155593189584776,46.64932035596988,54.123379176780546,25.146347636107265,28.97703154067328,0.9495329680136938,0.4411639936159169,0.5083689743977768,46.03593500040689,0.8076479824632787,85.05739238867913,1.0,21.0,0.08333333333333333,3.0,0.9166666666666666,33.0,0.0,0.0,0.875,1.0,0.9333333333333333,0.8955910525085281,0.9702380952380952,0.9074675324675324,0.9473684210526315,0.03070175438596491,0.9692982456140351,0.05263157894736842,0.9539473684210527,0.9473684210526315,0.9479786422578186,0.895591052508528,0.9702380952380952,0.9524807832979577,0.9449275362318841,0.9473684210526315,16.305,0.006,16.179284,0.006436,16179.284,6.436,354993.0,144714.0,18679.0,96.49122807017544,54.3859649122807,?
'WDBC_prepared-weka.filters.unsupervised.attribute.RenameNominalValues-weka.filters.unsupervised.attribute.RenameNominalValues-Rdiagnosis-NM:0,B:1-weka.filters.unsupervised.attribute.Normalize-S1.0-T0.0',1,5,weka.classifiers.meta.Stacking,'-X 10 -M \"weka.classifiers.lazy.IBk -K 3 -W 0 -A \\\"weka.core.neighboursearch.LinearNNSearch -A \\\\\\\"weka.core.EuclideanDistance -R first-last\\\\\\\"\\\"\" -S 1 -num-slots 1 -B \"weka.classifiers.functions.MultilayerPerceptron -L 0.01 -M 0.8 -N 50 -V 0 -S 0 -E 20 -H 8\" -B \"weka.classifiers.functions.MultilayerPerceptron -L 0.01 -M 0.8 -N 50 -V 0 -S 0 -E 20 -H 8\" -B \"weka.classifiers.functions.MultilayerPerceptron -L 0.01 -M 0.8 -N 50 -V 0 -S 0 -E 20 -H 8\" -B \"weka.classifiers.functions.MultilayerPerceptron -L 0.01 -M 0.8 -N 50 -V 0 -S 0 -E 20 -H 8\" -B \"weka.classifiers.functions.MultilayerPerceptron -L 0.01 -M 0.8 -N 50 -V 0 -S 0 -E 20 -H 8\" -B \"weka.classifiers.functions.MultilayerPerceptron -L 0.01 -M 0.8 -N 50 -V 0 -S 0 -E 20 -H 8\" -B \"weka.classifiers.functions.MultilayerPerceptron -L 0.01 -M 0.8 -N 50 -V 0 -S 0 -E 20 -H 8\" -B \"weka.classifiers.functions.MultilayerPerceptron -L 0.01 -M 0.8 -N 50 -V 0 -S 0 -E 20 -H 8\" -B \"weka.classifiers.trees.J48 -C 0.25 -M 2\" -B \"weka.classifiers.trees.J48 -C 0.25 -M 2\" -B \"weka.classifiers.trees.J48 -C 0.25 -M 2\" -B \"weka.classifiers.trees.J48 -C 0.25 -M 2\" -B \"weka.classifiers.trees.J48 -C 0.25 -M 2\" -B \"weka.classifiers.trees.J48 -C 0.25 -M 2\" -B \"weka.classifiers.trees.J48 -C 0.25 -M 2\"',5134738557155845452,2.01906081921E7,512.0,57.0,53.0,4.0,0.0,92.98245614035088,7.017543859649122,0.0,0.8461538461538461,0.07657472680400615,0.22069308205313026,16.4069500212357,45.74864307827972,54.123379176780546,17.726619054583928,36.39676012219662,0.9495329680136938,0.31099331674708647,0.6385396512666073,45.111428467992944,0.7914285696139113,83.34924602665272,0.8571428571428571,18.0,0.027777777777777776,1.0,0.9722222222222222,35.0,0.14285714285714285,3.0,0.9473684210526315,0.8571428571428571,0.9,0.8486684247915055,0.9662698412698413,0.9515455304928988,0.9298245614035088,0.10045948203842939,0.8995405179615705,0.07017543859649122,0.9307479224376731,0.9298245614035088,0.9290184921763869,0.8486684247915054,0.9662698412698412,0.9592266151822938,0.922972972972973,0.9298245614035088,16.402,0.005,16.24311,0.005763,16243.11,5.763,352445.0,144714.0,18679.0,98.24561403508773,56.14035087719298,?
'WDBC_prepared-weka.filters.unsupervised.attribute.RenameNominalValues-weka.filters.unsupervised.attribute.RenameNominalValues-Rdiagnosis-NM:0,B:1-weka.filters.unsupervised.attribute.Normalize-S1.0-T0.0',1,6,weka.classifiers.meta.Stacking,'-X 10 -M \"weka.classifiers.lazy.IBk -K 3 -W 0 -A \\\"weka.core.neighboursearch.LinearNNSearch -A \\\\\\\"weka.core.EuclideanDistance -R first-last\\\\\\\"\\\"\" -S 1 -num-slots 1 -B \"weka.classifiers.functions.MultilayerPerceptron -L 0.01 -M 0.8 -N 50 -V 0 -S 0 -E 20 -H 8\" -B \"weka.classifiers.functions.MultilayerPerceptron -L 0.01 -M 0.8 -N 50 -V 0 -S 0 -E 20 -H 8\" -B \"weka.classifiers.functions.MultilayerPerceptron -L 0.01 -M 0.8 -N 50 -V 0 -S 0 -E 20 -H 8\" -B \"weka.classifiers.functions.MultilayerPerceptron -L 0.01 -M 0.8 -N 50 -V 0 -S 0 -E 20 -H 8\" -B \"weka.classifiers.functions.MultilayerPerceptron -L 0.01 -M 0.8 -N 50 -V 0 -S 0 -E 20 -H 8\" -B \"weka.classifiers.functions.MultilayerPerceptron -L 0.01 -M 0.8 -N 50 -V 0 -S 0 -E 20 -H 8\" -B \"weka.classifiers.functions.MultilayerPerceptron -L 0.01 -M 0.8 -N 50 -V 0 -S 0 -E 20 -H 8\" -B \"weka.classifiers.functions.MultilayerPerceptron -L 0.01 -M 0.8 -N 50 -V 0 -S 0 -E 20 -H 8\" -B \"weka.classifiers.trees.J48 -C 0.25 -M 2\" -B \"weka.classifiers.trees.J48 -C 0.25 -M 2\" -B \"weka.classifiers.trees.J48 -C 0.25 -M 2\" -B \"weka.classifiers.trees.J48 -C 0.25 -M 2\" -B \"weka.classifiers.trees.J48 -C 0.25 -M 2\" -B \"weka.classifiers.trees.J48 -C 0.25 -M 2\" -B \"weka.classifiers.trees.J48 -C 0.25 -M 2\"',5134738557155845452,2.01906081922E7,512.0,57.0,55.0,2.0,0.0,96.49122807017544,3.508771929824561,0.0,0.9230769230769231,0.041532635229165275,0.14642523704454954,8.898809031330137,30.353266377379793,54.123379176780546,4.973137915511475,49.15024126126907,0.9495329680136938,0.08724803360546447,0.8622849344082294,49.29841455401269,0.8648844658598717,91.0852487480349,0.9047619047619048,19.0,0.0,0.0,1.0,36.0,0.09523809523809523,2.0,1.0,0.9047619047619048,0.9500000000000001,0.9258200997725514,1.0,1.0,0.9649122807017544,0.06015037593984962,0.9398496240601504,0.03508771929824561,0.966759002770083,0.9649122807017544,0.9645092460881936,0.9258200997725514,1.0,1.0,0.9614864864864865,0.9649122807017544,16.408,0.006,16.216489,0.006126,16216.489,6.126,347349.0,144714.0,18679.0,100.0,54.3859649122807,?
'WDBC_prepared-weka.filters.unsupervised.attribute.RenameNominalValues-weka.filters.unsupervised.attribute.RenameNominalValues-Rdiagnosis-NM:0,B:1-weka.filters.unsupervised.attribute.Normalize-S1.0-T0.0',1,7,weka.classifiers.meta.Stacking,'-X 10 -M \"weka.classifiers.lazy.IBk -K 3 -W 0 -A \\\"weka.core.neighboursearch.LinearNNSearch -A \\\\\\\"weka.core.EuclideanDistance -R first-last\\\\\\\"\\\"\" -S 1 -num-slots 1 -B \"weka.classifiers.functions.MultilayerPerceptron -L 0.01 -M 0.8 -N 50 -V 0 -S 0 -E 20 -H 8\" -B \"weka.classifiers.functions.MultilayerPerceptron -L 0.01 -M 0.8 -N 50 -V 0 -S 0 -E 20 -H 8\" -B \"weka.classifiers.functions.MultilayerPerceptron -L 0.01 -M 0.8 -N 50 -V 0 -S 0 -E 20 -H 8\" -B \"weka.classifiers.functions.MultilayerPerceptron -L 0.01 -M 0.8 -N 50 -V 0 -S 0 -E 20 -H 8\" -B \"weka.classifiers.functions.MultilayerPerceptron -L 0.01 -M 0.8 -N 50 -V 0 -S 0 -E 20 -H 8\" -B \"weka.classifiers.functions.MultilayerPerceptron -L 0.01 -M 0.8 -N 50 -V 0 -S 0 -E 20 -H 8\" -B \"weka.classifiers.functions.MultilayerPerceptron -L 0.01 -M 0.8 -N 50 -V 0 -S 0 -E 20 -H 8\" -B \"weka.classifiers.functions.MultilayerPerceptron -L 0.01 -M 0.8 -N 50 -V 0 -S 0 -E 20 -H 8\" -B \"weka.classifiers.trees.J48 -C 0.25 -M 2\" -B \"weka.classifiers.trees.J48 -C 0.25 -M 2\" -B \"weka.classifiers.trees.J48 -C 0.25 -M 2\" -B \"weka.classifiers.trees.J48 -C 0.25 -M 2\" -B \"weka.classifiers.trees.J48 -C 0.25 -M 2\" -B \"weka.classifiers.trees.J48 -C 0.25 -M 2\" -B \"weka.classifiers.trees.J48 -C 0.25 -M 2\"',5134738557155845452,2.01906081922E7,512.0,57.0,54.0,3.0,0.0,94.73684210526316,5.2631578947368425,0.0,0.8857715430861722,0.07073437820819926,0.22503798128890737,15.155593189584756,46.64932035596985,54.123379176780546,25.146347636107258,28.977031540673288,0.9495329680136938,0.4411639936159168,0.508368974397777,46.035935000406894,0.8076479824632788,85.05739238867915,0.9047619047619048,19.0,0.027777777777777776,1.0,0.9722222222222222,35.0,0.09523809523809523,2.0,0.95,0.9047619047619048,0.9268292682926829,0.8864143349643965,0.957010582010582,0.9144945697577277,0.9473684210526315,0.07038429406850459,0.9296157059314955,0.05263157894736842,0.9474395448079658,0.9473684210526315,0.9470870627956459,0.8864143349643965,0.957010582010582,0.9421772943933608,0.942866688940862,0.9473684210526315,16.168,0.006,16.112139,0.0057480000000000005,16112.139,5.748,347349.0,144714.0,18679.0,96.49122807017544,54.3859649122807,?
'WDBC_prepared-weka.filters.unsupervised.attribute.RenameNominalValues-weka.filters.unsupervised.attribute.RenameNominalValues-Rdiagnosis-NM:0,B:1-weka.filters.unsupervised.attribute.Normalize-S1.0-T0.0',1,8,weka.classifiers.meta.Stacking,'-X 10 -M \"weka.classifiers.lazy.IBk -K 3 -W 0 -A \\\"weka.core.neighboursearch.LinearNNSearch -A \\\\\\\"weka.core.EuclideanDistance -R first-last\\\\\\\"\\\"\" -S 1 -num-slots 1 -B \"weka.classifiers.functions.MultilayerPerceptron -L 0.01 -M 0.8 -N 50 -V 0 -S 0 -E 20 -H 8\" -B \"weka.classifiers.functions.MultilayerPerceptron -L 0.01 -M 0.8 -N 50 -V 0 -S 0 -E 20 -H 8\" -B \"weka.classifiers.functions.MultilayerPerceptron -L 0.01 -M 0.8 -N 50 -V 0 -S 0 -E 20 -H 8\" -B \"weka.classifiers.functions.MultilayerPerceptron -L 0.01 -M 0.8 -N 50 -V 0 -S 0 -E 20 -H 8\" -B \"weka.classifiers.functions.MultilayerPerceptron -L 0.01 -M 0.8 -N 50 -V 0 -S 0 -E 20 -H 8\" -B \"weka.classifiers.functions.MultilayerPerceptron -L 0.01 -M 0.8 -N 50 -V 0 -S 0 -E 20 -H 8\" -B \"weka.classifiers.functions.MultilayerPerceptron -L 0.01 -M 0.8 -N 50 -V 0 -S 0 -E 20 -H 8\" -B \"weka.classifiers.functions.MultilayerPerceptron -L 0.01 -M 0.8 -N 50 -V 0 -S 0 -E 20 -H 8\" -B \"weka.classifiers.trees.J48 -C 0.25 -M 2\" -B \"weka.classifiers.trees.J48 -C 0.25 -M 2\" -B \"weka.classifiers.trees.J48 -C 0.25 -M 2\" -B \"weka.classifiers.trees.J48 -C 0.25 -M 2\" -B \"weka.classifiers.trees.J48 -C 0.25 -M 2\" -B \"weka.classifiers.trees.J48 -C 0.25 -M 2\" -B \"weka.classifiers.trees.J48 -C 0.25 -M 2\"',5134738557155845452,2.01906081922E7,512.0,57.0,55.0,2.0,0.0,96.49122807017544,3.508771929824561,0.0,0.925974025974026,0.041532635229165275,0.19233918048104487,8.823313370633633,39.49191060489566,54.87850267297728,21.809781436129654,33.06872123684762,0.9627807486487242,0.38262774449350273,0.5801530041552214,50.0474176579972,0.8780248711929334,91.19676233921929,0.9545454545454546,21.0,0.02857142857142857,1.0,0.9714285714285714,34.0,0.045454545454545456,1.0,0.9545454545454546,0.9545454545454546,0.9545454545454546,0.925974025974026,0.9623376623376624,0.9287008844425113,0.9649122807017544,0.03893825472772842,0.9610617452722717,0.03508771929824561,0.9649122807017544,0.9649122807017544,0.9649122807017544,0.9259740259740261,0.9623376623376623,0.9481806119577019,0.9629870129870131,0.9649122807017544,15.936,0.006,15.886085999999999,0.005654,15886.086,5.654,360089.0,144714.0,18679.0,96.49122807017544,50.87719298245614,?
'WDBC_prepared-weka.filters.unsupervised.attribute.RenameNominalValues-weka.filters.unsupervised.attribute.RenameNominalValues-Rdiagnosis-NM:0,B:1-weka.filters.unsupervised.attribute.Normalize-S1.0-T0.0',1,9,weka.classifiers.meta.Stacking,'-X 10 -M \"weka.classifiers.lazy.IBk -K 3 -W 0 -A \\\"weka.core.neighboursearch.LinearNNSearch -A \\\\\\\"weka.core.EuclideanDistance -R first-last\\\\\\\"\\\"\" -S 1 -num-slots 1 -B \"weka.classifiers.functions.MultilayerPerceptron -L 0.01 -M 0.8 -N 50 -V 0 -S 0 -E 20 -H 8\" -B \"weka.classifiers.functions.MultilayerPerceptron -L 0.01 -M 0.8 -N 50 -V 0 -S 0 -E 20 -H 8\" -B \"weka.classifiers.functions.MultilayerPerceptron -L 0.01 -M 0.8 -N 50 -V 0 -S 0 -E 20 -H 8\" -B \"weka.classifiers.functions.MultilayerPerceptron -L 0.01 -M 0.8 -N 50 -V 0 -S 0 -E 20 -H 8\" -B \"weka.classifiers.functions.MultilayerPerceptron -L 0.01 -M 0.8 -N 50 -V 0 -S 0 -E 20 -H 8\" -B \"weka.classifiers.functions.MultilayerPerceptron -L 0.01 -M 0.8 -N 50 -V 0 -S 0 -E 20 -H 8\" -B \"weka.classifiers.functions.MultilayerPerceptron -L 0.01 -M 0.8 -N 50 -V 0 -S 0 -E 20 -H 8\" -B \"weka.classifiers.functions.MultilayerPerceptron -L 0.01 -M 0.8 -N 50 -V 0 -S 0 -E 20 -H 8\" -B \"weka.classifiers.trees.J48 -C 0.25 -M 2\" -B \"weka.classifiers.trees.J48 -C 0.25 -M 2\" -B \"weka.classifiers.trees.J48 -C 0.25 -M 2\" -B \"weka.classifiers.trees.J48 -C 0.25 -M 2\" -B \"weka.classifiers.trees.J48 -C 0.25 -M 2\" -B \"weka.classifiers.trees.J48 -C 0.25 -M 2\" -B \"weka.classifiers.trees.J48 -C 0.25 -M 2\"',5134738557155845452,2.01906081922E7,512.0,57.0,55.0,2.0,0.0,96.49122807017544,3.508771929824561,0.0,0.9247027741083224,0.07657472680400608,0.2023077638496012,16.267756840720544,41.53870316304151,54.87850267297728,16.898419207608345,37.980083465368935,0.9627807486487242,0.29646349487032186,0.6663172537784023,46.54045812620941,0.8164992653720948,84.80635560256711,0.9090909090909091,20.0,0.0,0.0,1.0,35.0,0.09090909090909091,2.0,1.0,0.9090909090909091,0.9523809523809523,0.9273353546322172,0.9694805194805195,0.9619883040935672,0.9649122807017544,0.0558213716108453,0.9441786283891546,0.03508771929824561,0.9668089141773352,0.9649122807017544,0.9645641882483988,0.9273353546322172,0.9694805194805195,0.962679854369605,0.9623015873015872,0.9649122807017544,16.149,0.006,16.099239999999998,0.00609,16099.24,6.09,354993.0,144714.0,18679.0,98.24561403508773,57.89473684210526,?
'WDBC_prepared-weka.filters.unsupervised.attribute.RenameNominalValues-weka.filters.unsupervised.attribute.RenameNominalValues-Rdiagnosis-NM:0,B:1-weka.filters.unsupervised.attribute.Normalize-S1.0-T0.0',1,10,weka.classifiers.meta.Stacking,'-X 10 -M \"weka.classifiers.lazy.IBk -K 3 -W 0 -A \\\"weka.core.neighboursearch.LinearNNSearch -A \\\\\\\"weka.core.EuclideanDistance -R first-last\\\\\\\"\\\"\" -S 1 -num-slots 1 -B \"weka.classifiers.functions.MultilayerPerceptron -L 0.01 -M 0.8 -N 50 -V 0 -S 0 -E 20 -H 8\" -B \"weka.classifiers.functions.MultilayerPerceptron -L 0.01 -M 0.8 -N 50 -V 0 -S 0 -E 20 -H 8\" -B \"weka.classifiers.functions.MultilayerPerceptron -L 0.01 -M 0.8 -N 50 -V 0 -S 0 -E 20 -H 8\" -B \"weka.classifiers.functions.MultilayerPerceptron -L 0.01 -M 0.8 -N 50 -V 0 -S 0 -E 20 -H 8\" -B \"weka.classifiers.functions.MultilayerPerceptron -L 0.01 -M 0.8 -N 50 -V 0 -S 0 -E 20 -H 8\" -B \"weka.classifiers.functions.MultilayerPerceptron -L 0.01 -M 0.8 -N 50 -V 0 -S 0 -E 20 -H 8\" -B \"weka.classifiers.functions.MultilayerPerceptron -L 0.01 -M 0.8 -N 50 -V 0 -S 0 -E 20 -H 8\" -B \"weka.classifiers.functions.MultilayerPerceptron -L 0.01 -M 0.8 -N 50 -V 0 -S 0 -E 20 -H 8\" -B \"weka.classifiers.trees.J48 -C 0.25 -M 2\" -B \"weka.classifiers.trees.J48 -C 0.25 -M 2\" -B \"weka.classifiers.trees.J48 -C 0.25 -M 2\" -B \"weka.classifiers.trees.J48 -C 0.25 -M 2\" -B \"weka.classifiers.trees.J48 -C 0.25 -M 2\" -B \"weka.classifiers.trees.J48 -C 0.25 -M 2\" -B \"weka.classifiers.trees.J48 -C 0.25 -M 2\"',5134738557155845452,2.0190608192300003E7,513.0,56.0,51.0,5.0,0.0,91.07142857142857,8.928571428571429,0.0,0.8113207547169811,0.09576341893019369,0.25963279734433703,20.453358527340477,53.628974070907866,53.4491279065209,28.31712081960719,25.13200708691371,0.9544487126164446,0.5056628717786998,0.4487858408377448,42.33903229073037,0.7560541480487567,79.21370085734351,0.9047619047619048,19.0,0.08571428571428572,3.0,0.9142857142857143,32.0,0.09523809523809523,2.0,0.8636363636363636,0.9047619047619048,0.8837209302325582,0.8118990304530631,0.9503401360544218,0.9027537277537278,0.9107142857142857,0.09166666666666666,0.9083333333333333,0.08928571428571429,0.9120989304812834,0.9107142857142857,0.9111054937647455,0.8118990304530632,0.9503401360544219,0.933694874513061,0.905628581058308,0.9107142857142857,16.153,0.005,16.10162,0.005594,16101.62,5.594,352722.0,144991.0,18402.0,96.42857142857143,56.25,?
'WDBC_prepared-weka.filters.unsupervised.attribute.RenameNominalValues-weka.filters.unsupervised.attribute.RenameNominalValues-Rdiagnosis-NM:0,B:1-weka.filters.unsupervised.attribute.Normalize-S1.0-T0.0',2,1,weka.classifiers.meta.Stacking,'-X 10 -M \"weka.classifiers.lazy.IBk -K 3 -W 0 -A \\\"weka.core.neighboursearch.LinearNNSearch -A \\\\\\\"weka.core.EuclideanDistance -R first-last\\\\\\\"\\\"\" -S 1 -num-slots 1 -B \"weka.classifiers.functions.MultilayerPerceptron -L 0.01 -M 0.8 -N 50 -V 0 -S 0 -E 20 -H 8\" -B \"weka.classifiers.functions.MultilayerPerceptron -L 0.01 -M 0.8 -N 50 -V 0 -S 0 -E 20 -H 8\" -B \"weka.classifiers.functions.MultilayerPerceptron -L 0.01 -M 0.8 -N 50 -V 0 -S 0 -E 20 -H 8\" -B \"weka.classifiers.functions.MultilayerPerceptron -L 0.01 -M 0.8 -N 50 -V 0 -S 0 -E 20 -H 8\" -B \"weka.classifiers.functions.MultilayerPerceptron -L 0.01 -M 0.8 -N 50 -V 0 -S 0 -E 20 -H 8\" -B \"weka.classifiers.functions.MultilayerPerceptron -L 0.01 -M 0.8 -N 50 -V 0 -S 0 -E 20 -H 8\" -B \"weka.classifiers.functions.MultilayerPerceptron -L 0.01 -M 0.8 -N 50 -V 0 -S 0 -E 20 -H 8\" -B \"weka.classifiers.functions.MultilayerPerceptron -L 0.01 -M 0.8 -N 50 -V 0 -S 0 -E 20 -H 8\" -B \"weka.classifiers.trees.J48 -C 0.25 -M 2\" -B \"weka.classifiers.trees.J48 -C 0.25 -M 2\" -B \"weka.classifiers.trees.J48 -C 0.25 -M 2\" -B \"weka.classifiers.trees.J48 -C 0.25 -M 2\" -B \"weka.classifiers.trees.J48 -C 0.25 -M 2\" -B \"weka.classifiers.trees.J48 -C 0.25 -M 2\" -B \"weka.classifiers.trees.J48 -C 0.25 -M 2\"',5134738557155845452,2.0190608192300003E7,512.0,57.0,55.0,2.0,0.0,96.49122807017544,3.508771929824561,0.0,0.9246031746031746,0.02985193803755166,0.1324260473027214,6.396095368028284,27.451299859327232,54.123379176780546,3.804151404915548,50.319227771864995,0.9495329680136938,0.06673949833185172,0.882793469681842,50.467401064608616,0.8853930011334845,93.24510374669957,0.9523809523809523,20.0,0.027777777777777776,1.0,0.9722222222222222,35.0,0.047619047619047616,1.0,0.9523809523809523,0.9523809523809523,0.9523809523809523,0.9246031746031746,0.998015873015873,0.9955679241393527,0.9649122807017544,0.04030910609857978,0.9596908939014202,0.03508771929824561,0.9649122807017544,0.9649122807017544,0.9649122807017544,0.9246031746031745,0.998015873015873,0.9974437689119129,0.9623015873015872,0.9649122807017544,16.058,0.007,16.006261000000002,0.007093,16006.261,7.093,357541.0,144714.0,18679.0,100.0,52.63157894736842,?
'WDBC_prepared-weka.filters.unsupervised.attribute.RenameNominalValues-weka.filters.unsupervised.attribute.RenameNominalValues-Rdiagnosis-NM:0,B:1-weka.filters.unsupervised.attribute.Normalize-S1.0-T0.0',2,2,weka.classifiers.meta.Stacking,'-X 10 -M \"weka.classifiers.lazy.IBk -K 3 -W 0 -A \\\"weka.core.neighboursearch.LinearNNSearch -A \\\\\\\"weka.core.EuclideanDistance -R first-last\\\\\\\"\\\"\" -S 1 -num-slots 1 -B \"weka.classifiers.functions.MultilayerPerceptron -L 0.01 -M 0.8 -N 50 -V 0 -S 0 -E 20 -H 8\" -B \"weka.classifiers.functions.MultilayerPerceptron -L 0.01 -M 0.8 -N 50 -V 0 -S 0 -E 20 -H 8\" -B \"weka.classifiers.functions.MultilayerPerceptron -L 0.01 -M 0.8 -N 50 -V 0 -S 0 -E 20 -H 8\" -B \"weka.classifiers.functions.MultilayerPerceptron -L 0.01 -M 0.8 -N 50 -V 0 -S 0 -E 20 -H 8\" -B \"weka.classifiers.functions.MultilayerPerceptron -L 0.01 -M 0.8 -N 50 -V 0 -S 0 -E 20 -H 8\" -B \"weka.classifiers.functions.MultilayerPerceptron -L 0.01 -M 0.8 -N 50 -V 0 -S 0 -E 20 -H 8\" -B \"weka.classifiers.functions.MultilayerPerceptron -L 0.01 -M 0.8 -N 50 -V 0 -S 0 -E 20 -H 8\" -B \"weka.classifiers.functions.MultilayerPerceptron -L 0.01 -M 0.8 -N 50 -V 0 -S 0 -E 20 -H 8\" -B \"weka.classifiers.trees.J48 -C 0.25 -M 2\" -B \"weka.classifiers.trees.J48 -C 0.25 -M 2\" -B \"weka.classifiers.trees.J48 -C 0.25 -M 2\" -B \"weka.classifiers.trees.J48 -C 0.25 -M 2\" -B \"weka.classifiers.trees.J48 -C 0.25 -M 2\" -B \"weka.classifiers.trees.J48 -C 0.25 -M 2\" -B \"weka.classifiers.trees.J48 -C 0.25 -M 2\"',5134738557155845452,2.0190608192300003E7,512.0,57.0,52.0,5.0,0.0,91.2280701754386,8.771929824561404,0.0,0.8133595284872297,0.08825542399561968,0.2535244292644502,18.909663684537534,52.55442770630968,54.123379176780546,27.728027248976737,26.39535192780381,0.9495329680136938,0.48645661840310067,0.46307634961059313,43.60242868028104,0.7649548891277375,80.56117216529397,0.9047619047619048,19.0,0.08333333333333333,3.0,0.9166666666666666,33.0,0.09523809523809523,2.0,0.8636363636363636,0.9047619047619048,0.8837209302325582,0.8139267835041308,0.9437830687830688,0.9333561175666438,0.9122807017543859,0.09085213032581455,0.9091478696741855,0.08771929824561403,0.9136705399863294,0.9122807017543859,0.9126829520575103,0.8139267835041308,0.9437830687830688,0.9364322042992402,0.9066491975106452,0.9122807017543859,16.019,0.007,15.957911,0.0064210000000000005,15957.911,6.421,352445.0,144714.0,18679.0,96.49122807017544,55.26315789473684,?
'WDBC_prepared-weka.filters.unsupervised.attribute.RenameNominalValues-weka.filters.unsupervised.attribute.RenameNominalValues-Rdiagnosis-NM:0,B:1-weka.filters.unsupervised.attribute.Normalize-S1.0-T0.0',2,3,weka.classifiers.meta.Stacking,'-X 10 -M \"weka.classifiers.lazy.IBk -K 3 -W 0 -A \\\"weka.core.neighboursearch.LinearNNSearch -A \\\\\\\"weka.core.EuclideanDistance -R first-last\\\\\\\"\\\"\" -S 1 -num-slots 1 -B \"weka.classifiers.functions.MultilayerPerceptron -L 0.01 -M 0.8 -N 50 -V 0 -S 0 -E 20 -H 8\" -B \"weka.classifiers.functions.MultilayerPerceptron -L 0.01 -M 0.8 -N 50 -V 0 -S 0 -E 20 -H 8\" -B \"weka.classifiers.functions.MultilayerPerceptron -L 0.01 -M 0.8 -N 50 -V 0 -S 0 -E 20 -H 8\" -B \"weka.classifiers.functions.MultilayerPerceptron -L 0.01 -M 0.8 -N 50 -V 0 -S 0 -E 20 -H 8\" -B \"weka.classifiers.functions.MultilayerPerceptron -L 0.01 -M 0.8 -N 50 -V 0 -S 0 -E 20 -H 8\" -B \"weka.classifiers.functions.MultilayerPerceptron -L 0.01 -M 0.8 -N 50 -V 0 -S 0 -E 20 -H 8\" -B \"weka.classifiers.functions.MultilayerPerceptron -L 0.01 -M 0.8 -N 50 -V 0 -S 0 -E 20 -H 8\" -B \"weka.classifiers.functions.MultilayerPerceptron -L 0.01 -M 0.8 -N 50 -V 0 -S 0 -E 20 -H 8\" -B \"weka.classifiers.trees.J48 -C 0.25 -M 2\" -B \"weka.classifiers.trees.J48 -C 0.25 -M 2\" -B \"weka.classifiers.trees.J48 -C 0.25 -M 2\" -B \"weka.classifiers.trees.J48 -C 0.25 -M 2\" -B \"weka.classifiers.trees.J48 -C 0.25 -M 2\" -B \"weka.classifiers.trees.J48 -C 0.25 -M 2\" -B \"weka.classifiers.trees.J48 -C 0.25 -M 2\"',5134738557155845452,2.0190608192300003E7,512.0,57.0,53.0,4.0,0.0,92.98245614035088,7.017543859649122,0.0,0.8492063492063492,0.06489402961239253,0.1924181365529145,13.904236357933847,39.88737920125538,54.123379176780546,8.139310783678908,45.98406839310164,0.9495329680136938,0.14279492602945454,0.8067380419842393,46.28041497858887,0.8119371048875241,85.50910102531739,0.9047619047619048,19.0,0.05555555555555555,2.0,0.9444444444444444,34.0,0.09523809523809523,2.0,0.9047619047619048,0.9047619047619048,0.9047619047619048,0.8492063492063492,0.9907407407407407,0.9790249433106576,0.9298245614035088,0.08061821219715956,0.9193817878028403,0.07017543859649122,0.9298245614035088,0.9298245614035088,0.9298245614035088,0.8492063492063491,0.9907407407407406,0.9877889167362852,0.9246031746031746,0.9298245614035088,16.121,0.006,16.065645,0.0063479999999999995,16065.645,6.348,347349.0,144714.0,18679.0,100.0,56.14035087719298,?
'WDBC_prepared-weka.filters.unsupervised.attribute.RenameNominalValues-weka.filters.unsupervised.attribute.RenameNominalValues-Rdiagnosis-NM:0,B:1-weka.filters.unsupervised.attribute.Normalize-S1.0-T0.0',2,4,weka.classifiers.meta.Stacking,'-X 10 -M \"weka.classifiers.lazy.IBk -K 3 -W 0 -A \\\"weka.core.neighboursearch.LinearNNSearch -A \\\\\\\"weka.core.EuclideanDistance -R first-last\\\\\\\"\\\"\" -S 1 -num-slots 1 -B \"weka.classifiers.functions.MultilayerPerceptron -L 0.01 -M 0.8 -N 50 -V 0 -S 0 -E 20 -H 8\" -B \"weka.classifiers.functions.MultilayerPerceptron -L 0.01 -M 0.8 -N 50 -V 0 -S 0 -E 20 -H 8\" -B \"weka.classifiers.functions.MultilayerPerceptron -L 0.01 -M 0.8 -N 50 -V 0 -S 0 -E 20 -H 8\" -B \"weka.classifiers.functions.MultilayerPerceptron -L 0.01 -M 0.8 -N 50 -V 0 -S 0 -E 20 -H 8\" -B \"weka.classifiers.functions.MultilayerPerceptron -L 0.01 -M 0.8 -N 50 -V 0 -S 0 -E 20 -H 8\" -B \"weka.classifiers.functions.MultilayerPerceptron -L 0.01 -M 0.8 -N 50 -V 0 -S 0 -E 20 -H 8\" -B \"weka.classifiers.functions.MultilayerPerceptron -L 0.01 -M 0.8 -N 50 -V 0 -S 0 -E 20 -H 8\" -B \"weka.classifiers.functions.MultilayerPerceptron -L 0.01 -M 0.8 -N 50 -V 0 -S 0 -E 20 -H 8\" -B \"weka.classifiers.trees.J48 -C 0.25 -M 2\" -B \"weka.classifiers.trees.J48 -C 0.25 -M 2\" -B \"weka.classifiers.trees.J48 -C 0.25 -M 2\" -B \"weka.classifiers.trees.J48 -C 0.25 -M 2\" -B \"weka.classifiers.trees.J48 -C 0.25 -M 2\" -B \"weka.classifiers.trees.J48 -C 0.25 -M 2\" -B \"weka.classifiers.trees.J48 -C 0.25 -M 2\"',5134738557155845452,2.01906081924E7,512.0,57.0,53.0,4.0,0.0,92.98245614035088,7.017543859649122,0.0,0.8492063492063492,0.08241507539981291,0.22507172742433618,17.658306852886614,46.6563157719142,54.123379176780546,18.31111230988189,35.81226686689865,0.9495329680136938,0.3212475843838928,0.6282853836298009,44.52693521269498,0.7811743019771049,82.26931852732038,0.9047619047619048,19.0,0.05555555555555555,2.0,0.9444444444444444,34.0,0.09523809523809523,2.0,0.9047619047619048,0.9047619047619048,0.9047619047619048,0.8492063492063492,0.9755291005291006,0.9263385354141656,0.9298245614035088,0.08061821219715956,0.9193817878028403,0.07017543859649122,0.9298245614035088,0.9298245614035088,0.9298245614035088,0.8492063492063491,0.9755291005291006,0.9622557382448208,0.9246031746031746,0.9298245614035088,16.005,0.005,15.960785,0.005835,15960.785,5.835,352445.0,144714.0,18679.0,98.24561403508773,57.01754385964912,?
'WDBC_prepared-weka.filters.unsupervised.attribute.RenameNominalValues-weka.filters.unsupervised.attribute.RenameNominalValues-Rdiagnosis-NM:0,B:1-weka.filters.unsupervised.attribute.Normalize-S1.0-T0.0',2,5,weka.classifiers.meta.Stacking,'-X 10 -M \"weka.classifiers.lazy.IBk -K 3 -W 0 -A \\\"weka.core.neighboursearch.LinearNNSearch -A \\\\\\\"weka.core.EuclideanDistance -R first-last\\\\\\\"\\\"\" -S 1 -num-slots 1 -B \"weka.classifiers.functions.MultilayerPerceptron -L 0.01 -M 0.8 -N 50 -V 0 -S 0 -E 20 -H 8\" -B \"weka.classifiers.functions.MultilayerPerceptron -L 0.01 -M 0.8 -N 50 -V 0 -S 0 -E 20 -H 8\" -B \"weka.classifiers.functions.MultilayerPerceptron -L 0.01 -M 0.8 -N 50 -V 0 -S 0 -E 20 -H 8\" -B \"weka.classifiers.functions.MultilayerPerceptron -L 0.01 -M 0.8 -N 50 -V 0 -S 0 -E 20 -H 8\" -B \"weka.classifiers.functions.MultilayerPerceptron -L 0.01 -M 0.8 -N 50 -V 0 -S 0 -E 20 -H 8\" -B \"weka.classifiers.functions.MultilayerPerceptron -L 0.01 -M 0.8 -N 50 -V 0 -S 0 -E 20 -H 8\" -B \"weka.classifiers.functions.MultilayerPerceptron -L 0.01 -M 0.8 -N 50 -V 0 -S 0 -E 20 -H 8\" -B \"weka.classifiers.functions.MultilayerPerceptron -L 0.01 -M 0.8 -N 50 -V 0 -S 0 -E 20 -H 8\" -B \"weka.classifiers.trees.J48 -C 0.25 -M 2\" -B \"weka.classifiers.trees.J48 -C 0.25 -M 2\" -B \"weka.classifiers.trees.J48 -C 0.25 -M 2\" -B \"weka.classifiers.trees.J48 -C 0.25 -M 2\" -B \"weka.classifiers.trees.J48 -C 0.25 -M 2\" -B \"weka.classifiers.trees.J48 -C 0.25 -M 2\" -B \"weka.classifiers.trees.J48 -C 0.25 -M 2\"',5134738557155845452,2.01906081924E7,512.0,57.0,50.0,7.0,0.0,87.71929824561404,12.280701754385966,0.0,0.7485822306238185,0.10577646978304009,0.27911857595857686,22.66373417949031,57.859974536820886,54.123379176780546,30.30970686184621,23.813672314934337,0.9495329680136938,0.5317492431902844,0.4177837248234094,41.16892236015518,0.7222617957921961,76.06495194190876,0.9523809523809523,20.0,0.16666666666666666,6.0,0.8333333333333334,30.0,0.047619047619047616,1.0,0.7692307692307693,0.9523809523809523,0.8510638297872339,0.7609533377782035,0.9576719576719577,0.8817256817256817,0.8771929824561403,0.09147869674185465,0.9085213032581454,0.12280701754385964,0.894606242653781,0.8771929824561403,0.8791429192224768,0.7609533377782035,0.9576719576719576,0.9378082962570496,0.8732931089234677,0.8771929824561403,15.834,0.006,15.790379000000001,0.0057599999999999995,15790.379,5.76,352445.0,144714.0,18679.0,96.49122807017544,56.14035087719298,?
'WDBC_prepared-weka.filters.unsupervised.attribute.RenameNominalValues-weka.filters.unsupervised.attribute.RenameNominalValues-Rdiagnosis-NM:0,B:1-weka.filters.unsupervised.attribute.Normalize-S1.0-T0.0',2,6,weka.classifiers.meta.Stacking,'-X 10 -M \"weka.classifiers.lazy.IBk -K 3 -W 0 -A \\\"weka.core.neighboursearch.LinearNNSearch -A \\\\\\\"weka.core.EuclideanDistance -R first-last\\\\\\\"\\\"\" -S 1 -num-slots 1 -B \"weka.classifiers.functions.MultilayerPerceptron -L 0.01 -M 0.8 -N 50 -V 0 -S 0 -E 20 -H 8\" -B \"weka.classifiers.functions.MultilayerPerceptron -L 0.01 -M 0.8 -N 50 -V 0 -S 0 -E 20 -H 8\" -B \"weka.classifiers.functions.MultilayerPerceptron -L 0.01 -M 0.8 -N 50 -V 0 -S 0 -E 20 -H 8\" -B \"weka.classifiers.functions.MultilayerPerceptron -L 0.01 -M 0.8 -N 50 -V 0 -S 0 -E 20 -H 8\" -B \"weka.classifiers.functions.MultilayerPerceptron -L 0.01 -M 0.8 -N 50 -V 0 -S 0 -E 20 -H 8\" -B \"weka.classifiers.functions.MultilayerPerceptron -L 0.01 -M 0.8 -N 50 -V 0 -S 0 -E 20 -H 8\" -B \"weka.classifiers.functions.MultilayerPerceptron -L 0.01 -M 0.8 -N 50 -V 0 -S 0 -E 20 -H 8\" -B \"weka.classifiers.functions.MultilayerPerceptron -L 0.01 -M 0.8 -N 50 -V 0 -S 0 -E 20 -H 8\" -B \"weka.classifiers.trees.J48 -C 0.25 -M 2\" -B \"weka.classifiers.trees.J48 -C 0.25 -M 2\" -B \"weka.classifiers.trees.J48 -C 0.25 -M 2\" -B \"weka.classifiers.trees.J48 -C 0.25 -M 2\" -B \"weka.classifiers.trees.J48 -C 0.25 -M 2\" -B \"weka.classifiers.trees.J48 -C 0.25 -M 2\" -B \"weka.classifiers.trees.J48 -C 0.25 -M 2\"',5134738557155845452,2.01906081924E7,512.0,57.0,50.0,7.0,0.0,87.71929824561404,12.280701754385966,0.0,0.7280163599182004,0.1291378641662674,0.2791729900465299,27.66916150609403,57.871254322598645,54.123379176780546,24.229358122728975,29.89402105405157,0.9495329680136938,0.4250764582934908,0.524456509720203,38.830949338963336,0.6812447252449708,71.74524194457945,0.7619047619047619,16.0,0.05555555555555555,2.0,0.9444444444444444,34.0,0.23809523809523808,5.0,0.8888888888888888,0.7619047619047619,0.8205128205128205,0.7330132131426444,0.9609788359788359,0.8890923890923892,0.8771929824561403,0.170843776106934,0.829156223893066,0.12280701754385964,0.8780926675663517,0.8771929824561403,0.8749257759784075,0.7330132131426444,0.9609788359788358,0.9423396189324168,0.8635897435897436,0.8771929824561403,16.098,0.006,16.047679,0.0066,16047.679,6.6,349897.0,144714.0,18679.0,98.24561403508773,61.40350877192982,?
'WDBC_prepared-weka.filters.unsupervised.attribute.RenameNominalValues-weka.filters.unsupervised.attribute.RenameNominalValues-Rdiagnosis-NM:0,B:1-weka.filters.unsupervised.attribute.Normalize-S1.0-T0.0',2,7,weka.classifiers.meta.Stacking,'-X 10 -M \"weka.classifiers.lazy.IBk -K 3 -W 0 -A \\\"weka.core.neighboursearch.LinearNNSearch -A \\\\\\\"weka.core.EuclideanDistance -R first-last\\\\\\\"\\\"\" -S 1 -num-slots 1 -B \"weka.classifiers.functions.MultilayerPerceptron -L 0.01 -M 0.8 -N 50 -V 0 -S 0 -E 20 -H 8\" -B \"weka.classifiers.functions.MultilayerPerceptron -L 0.01 -M 0.8 -N 50 -V 0 -S 0 -E 20 -H 8\" -B \"weka.classifiers.functions.MultilayerPerceptron -L 0.01 -M 0.8 -N 50 -V 0 -S 0 -E 20 -H 8\" -B \"weka.classifiers.functions.MultilayerPerceptron -L 0.01 -M 0.8 -N 50 -V 0 -S 0 -E 20 -H 8\" -B \"weka.classifiers.functions.MultilayerPerceptron -L 0.01 -M 0.8 -N 50 -V 0 -S 0 -E 20 -H 8\" -B \"weka.classifiers.functions.MultilayerPerceptron -L 0.01 -M 0.8 -N 50 -V 0 -S 0 -E 20 -H 8\" -B \"weka.classifiers.functions.MultilayerPerceptron -L 0.01 -M 0.8 -N 50 -V 0 -S 0 -E 20 -H 8\" -B \"weka.classifiers.functions.MultilayerPerceptron -L 0.01 -M 0.8 -N 50 -V 0 -S 0 -E 20 -H 8\" -B \"weka.classifiers.trees.J48 -C 0.25 -M 2\" -B \"weka.classifiers.trees.J48 -C 0.25 -M 2\" -B \"weka.classifiers.trees.J48 -C 0.25 -M 2\" -B \"weka.classifiers.trees.J48 -C 0.25 -M 2\" -B \"weka.classifiers.trees.J48 -C 0.25 -M 2\" -B \"weka.classifiers.trees.J48 -C 0.25 -M 2\" -B \"weka.classifiers.trees.J48 -C 0.25 -M 2\"',5134738557155845452,2.01906081924E7,512.0,57.0,52.0,5.0,0.0,91.2280701754386,8.771929824561404,0.0,0.8096192384769538,0.09409577259142653,0.27203582007855853,20.16102051618847,56.39175238979619,54.123379176780546,36.73084226458379,17.392536912196753,0.9495329680136938,0.6444007414839262,0.3051322265297676,43.01793542498307,0.7547006214909311,79.48124466596163,0.8571428571428571,18.0,0.05555555555555555,2.0,0.9444444444444444,34.0,0.14285714285714285,3.0,0.9,0.8571428571428571,0.8780487804878048,0.810206767705014,0.9305555555555556,0.8790143808719659,0.9122807017543859,0.11069340016708436,0.8893065998329156,0.08771929824561403,0.9119487908961594,0.9122807017543859,0.9118117713260766,0.810206767705014,0.9305555555555557,0.9122646592786727,0.9047778149014366,0.9122807017543859,16.146,0.006,16.071002,0.006347,16071.002,6.347,349897.0,144714.0,18679.0,94.73684210526316,54.3859649122807,?
'WDBC_prepared-weka.filters.unsupervised.attribute.RenameNominalValues-weka.filters.unsupervised.attribute.RenameNominalValues-Rdiagnosis-NM:0,B:1-weka.filters.unsupervised.attribute.Normalize-S1.0-T0.0',2,8,weka.classifiers.meta.Stacking,'-X 10 -M \"weka.classifiers.lazy.IBk -K 3 -W 0 -A \\\"weka.core.neighboursearch.LinearNNSearch -A \\\\\\\"weka.core.EuclideanDistance -R first-last\\\\\\\"\\\"\" -S 1 -num-slots 1 -B \"weka.classifiers.functions.MultilayerPerceptron -L 0.01 -M 0.8 -N 50 -V 0 -S 0 -E 20 -H 8\" -B \"weka.classifiers.functions.MultilayerPerceptron -L 0.01 -M 0.8 -N 50 -V 0 -S 0 -E 20 -H 8\" -B \"weka.classifiers.functions.MultilayerPerceptron -L 0.01 -M 0.8 -N 50 -V 0 -S 0 -E 20 -H 8\" -B \"weka.classifiers.functions.MultilayerPerceptron -L 0.01 -M 0.8 -N 50 -V 0 -S 0 -E 20 -H 8\" -B \"weka.classifiers.functions.MultilayerPerceptron -L 0.01 -M 0.8 -N 50 -V 0 -S 0 -E 20 -H 8\" -B \"weka.classifiers.functions.MultilayerPerceptron -L 0.01 -M 0.8 -N 50 -V 0 -S 0 -E 20 -H 8\" -B \"weka.classifiers.functions.MultilayerPerceptron -L 0.01 -M 0.8 -N 50 -V 0 -S 0 -E 20 -H 8\" -B \"weka.classifiers.functions.MultilayerPerceptron -L 0.01 -M 0.8 -N 50 -V 0 -S 0 -E 20 -H 8\" -B \"weka.classifiers.trees.J48 -C 0.25 -M 2\" -B \"weka.classifiers.trees.J48 -C 0.25 -M 2\" -B \"weka.classifiers.trees.J48 -C 0.25 -M 2\" -B \"weka.classifiers.trees.J48 -C 0.25 -M 2\" -B \"weka.classifiers.trees.J48 -C 0.25 -M 2\" -B \"weka.classifiers.trees.J48 -C 0.25 -M 2\" -B \"weka.classifiers.trees.J48 -C 0.25 -M 2\"',5134738557155845452,2.0190608192500003E7,512.0,57.0,55.0,2.0,0.0,96.49122807017544,3.508771929824561,0.0,0.925974025974026,0.029851938037551654,0.13242604730272142,6.34183221393799,27.190287536626748,54.87850267297728,3.8041514049155483,51.074351268061726,0.9627807486487242,0.06673949833185172,0.8960412503168724,51.216404168593115,0.8985334064665459,93.32689791810333,0.9545454545454546,21.0,0.02857142857142857,1.0,0.9714285714285714,34.0,0.045454545454545456,1.0,0.9545454545454546,0.9545454545454546,0.9545454545454546,0.925974025974026,0.9980519480519481,0.9959575997125404,0.9649122807017544,0.03893825472772842,0.9610617452722717,0.03508771929824561,0.9649122807017544,0.9649122807017544,0.9649122807017544,0.9259740259740261,0.9980519480519481,0.9974914585898569,0.9629870129870131,0.9649122807017544,16.26,0.006,16.193196,0.005712,16193.196,5.712,349897.0,144714.0,18679.0,100.0,52.63157894736842,?
'WDBC_prepared-weka.filters.unsupervised.attribute.RenameNominalValues-weka.filters.unsupervised.attribute.RenameNominalValues-Rdiagnosis-NM:0,B:1-weka.filters.unsupervised.attribute.Normalize-S1.0-T0.0',2,9,weka.classifiers.meta.Stacking,'-X 10 -M \"weka.classifiers.lazy.IBk -K 3 -W 0 -A \\\"weka.core.neighboursearch.LinearNNSearch -A \\\\\\\"weka.core.EuclideanDistance -R first-last\\\\\\\"\\\"\" -S 1 -num-slots 1 -B \"weka.classifiers.functions.MultilayerPerceptron -L 0.01 -M 0.8 -N 50 -V 0 -S 0 -E 20 -H 8\" -B \"weka.classifiers.functions.MultilayerPerceptron -L 0.01 -M 0.8 -N 50 -V 0 -S 0 -E 20 -H 8\" -B \"weka.classifiers.functions.MultilayerPerceptron -L 0.01 -M 0.8 -N 50 -V 0 -S 0 -E 20 -H 8\" -B \"weka.classifiers.functions.MultilayerPerceptron -L 0.01 -M 0.8 -N 50 -V 0 -S 0 -E 20 -H 8\" -B \"weka.classifiers.functions.MultilayerPerceptron -L 0.01 -M 0.8 -N 50 -V 0 -S 0 -E 20 -H 8\" -B \"weka.classifiers.functions.MultilayerPerceptron -L 0.01 -M 0.8 -N 50 -V 0 -S 0 -E 20 -H 8\" -B \"weka.classifiers.functions.MultilayerPerceptron -L 0.01 -M 0.8 -N 50 -V 0 -S 0 -E 20 -H 8\" -B \"weka.classifiers.functions.MultilayerPerceptron -L 0.01 -M 0.8 -N 50 -V 0 -S 0 -E 20 -H 8\" -B \"weka.classifiers.trees.J48 -C 0.25 -M 2\" -B \"weka.classifiers.trees.J48 -C 0.25 -M 2\" -B \"weka.classifiers.trees.J48 -C 0.25 -M 2\" -B \"weka.classifiers.trees.J48 -C 0.25 -M 2\" -B \"weka.classifiers.trees.J48 -C 0.25 -M 2\" -B \"weka.classifiers.trees.J48 -C 0.25 -M 2\" -B \"weka.classifiers.trees.J48 -C 0.25 -M 2\"',5134738557155845452,2.0190608192500003E7,512.0,57.0,54.0,3.0,0.0,94.73684210526316,5.2631578947368425,0.0,0.8880157170923378,0.05905368101658572,0.19738641247809594,12.545535105677097,40.528230060615456,54.87850267297728,15.559039365202246,39.31946330777503,0.9627807486487242,0.27296560289828503,0.6898151457504391,47.95086441888121,0.8412432354189686,87.37640803471245,0.9090909090909091,20.0,0.02857142857142857,1.0,0.9714285714285714,34.0,0.09090909090909091,2.0,0.9523809523809523,0.9090909090909091,0.9302325581395349,0.8886350389948482,0.9714285714285714,0.96481658692185,0.9473684210526315,0.06684894053315106,0.9331510594668488,0.05263157894736842,0.9475076580339737,0.9473684210526315,0.9471270708707571,0.8886350389948482,0.9714285714285713,0.9655525296764909,0.9439895185063871,0.9473684210526315,16.074,0.006,16.019211,0.0058460000000000005,16019.211,5.846,352445.0,144714.0,18679.0,98.24561403508773,54.3859649122807,?
'WDBC_prepared-weka.filters.unsupervised.attribute.RenameNominalValues-weka.filters.unsupervised.attribute.RenameNominalValues-Rdiagnosis-NM:0,B:1-weka.filters.unsupervised.attribute.Normalize-S1.0-T0.0',2,10,weka.classifiers.meta.Stacking,'-X 10 -M \"weka.classifiers.lazy.IBk -K 3 -W 0 -A \\\"weka.core.neighboursearch.LinearNNSearch -A \\\\\\\"weka.core.EuclideanDistance -R first-last\\\\\\\"\\\"\" -S 1 -num-slots 1 -B \"weka.classifiers.functions.MultilayerPerceptron -L 0.01 -M 0.8 -N 50 -V 0 -S 0 -E 20 -H 8\" -B \"weka.classifiers.functions.MultilayerPerceptron -L 0.01 -M 0.8 -N 50 -V 0 -S 0 -E 20 -H 8\" -B \"weka.classifiers.functions.MultilayerPerceptron -L 0.01 -M 0.8 -N 50 -V 0 -S 0 -E 20 -H 8\" -B \"weka.classifiers.functions.MultilayerPerceptron -L 0.01 -M 0.8 -N 50 -V 0 -S 0 -E 20 -H 8\" -B \"weka.classifiers.functions.MultilayerPerceptron -L 0.01 -M 0.8 -N 50 -V 0 -S 0 -E 20 -H 8\" -B \"weka.classifiers.functions.MultilayerPerceptron -L 0.01 -M 0.8 -N 50 -V 0 -S 0 -E 20 -H 8\" -B \"weka.classifiers.functions.MultilayerPerceptron -L 0.01 -M 0.8 -N 50 -V 0 -S 0 -E 20 -H 8\" -B \"weka.classifiers.functions.MultilayerPerceptron -L 0.01 -M 0.8 -N 50 -V 0 -S 0 -E 20 -H 8\" -B \"weka.classifiers.trees.J48 -C 0.25 -M 2\" -B \"weka.classifiers.trees.J48 -C 0.25 -M 2\" -B \"weka.classifiers.trees.J48 -C 0.25 -M 2\" -B \"weka.classifiers.trees.J48 -C 0.25 -M 2\" -B \"weka.classifiers.trees.J48 -C 0.25 -M 2\" -B \"weka.classifiers.trees.J48 -C 0.25 -M 2\" -B \"weka.classifiers.trees.J48 -C 0.25 -M 2\"',5134738557155845452,2.0190608192500003E7,513.0,56.0,54.0,2.0,0.0,96.42857142857143,3.5714285714285716,0.0,0.9252336448598131,0.054150829702419565,0.16061320066878496,11.565651548676438,33.17578234420107,53.4491279065209,6.141095631318318,47.308032275202585,0.9544487126164446,0.1096624219878271,0.8447862906286175,47.45393805278536,0.8473917509425958,88.78337198649764,1.0,21.0,0.05714285714285714,2.0,0.9428571428571428,33.0,0.0,0.0,0.9130434782608695,1.0,0.9545454545454545,0.9278305692406299,0.9945578231292517,0.9834368530020704,0.9642857142857143,0.02142857142857143,0.9785714285714285,0.03571428571428571,0.967391304347826,0.9642857142857143,0.964572192513369,0.9278305692406299,0.9945578231292517,0.9901258162127727,0.9625668449197861,0.9642857142857143,16.304,0.006,16.250879,0.005835,16250.879,5.835,350174.0,144991.0,18402.0,100.0,56.25,?
'WDBC_prepared-weka.filters.unsupervised.attribute.RenameNominalValues-weka.filters.unsupervised.attribute.RenameNominalValues-Rdiagnosis-NM:0,B:1-weka.filters.unsupervised.attribute.Normalize-S1.0-T0.0',3,1,weka.classifiers.meta.Stacking,'-X 10 -M \"weka.classifiers.lazy.IBk -K 3 -W 0 -A \\\"weka.core.neighboursearch.LinearNNSearch -A \\\\\\\"weka.core.EuclideanDistance -R first-last\\\\\\\"\\\"\" -S 1 -num-slots 1 -B \"weka.classifiers.functions.MultilayerPerceptron -L 0.01 -M 0.8 -N 50 -V 0 -S 0 -E 20 -H 8\" -B \"weka.classifiers.functions.MultilayerPerceptron -L 0.01 -M 0.8 -N 50 -V 0 -S 0 -E 20 -H 8\" -B \"weka.classifiers.functions.MultilayerPerceptron -L 0.01 -M 0.8 -N 50 -V 0 -S 0 -E 20 -H 8\" -B \"weka.classifiers.functions.MultilayerPerceptron -L 0.01 -M 0.8 -N 50 -V 0 -S 0 -E 20 -H 8\" -B \"weka.classifiers.functions.MultilayerPerceptron -L 0.01 -M 0.8 -N 50 -V 0 -S 0 -E 20 -H 8\" -B \"weka.classifiers.functions.MultilayerPerceptron -L 0.01 -M 0.8 -N 50 -V 0 -S 0 -E 20 -H 8\" -B \"weka.classifiers.functions.MultilayerPerceptron -L 0.01 -M 0.8 -N 50 -V 0 -S 0 -E 20 -H 8\" -B \"weka.classifiers.functions.MultilayerPerceptron -L 0.01 -M 0.8 -N 50 -V 0 -S 0 -E 20 -H 8\" -B \"weka.classifiers.trees.J48 -C 0.25 -M 2\" -B \"weka.classifiers.trees.J48 -C 0.25 -M 2\" -B \"weka.classifiers.trees.J48 -C 0.25 -M 2\" -B \"weka.classifiers.trees.J48 -C 0.25 -M 2\" -B \"weka.classifiers.trees.J48 -C 0.25 -M 2\" -B \"weka.classifiers.trees.J48 -C 0.25 -M 2\" -B \"weka.classifiers.trees.J48 -C 0.25 -M 2\"',5134738557155845452,2.01906081926E7,512.0,57.0,53.0,4.0,0.0,92.98245614035088,7.017543859649122,0.0,0.8521400778210116,0.08825542399561967,0.2293667990478126,18.90966368453753,47.54666401876485,54.123379176780546,18.895605565179856,35.22777361160069,0.9495329680136938,0.33150185202069926,0.6180311159929945,43.942441957397016,0.7709200343402985,81.18939102798804,0.9523809523809523,20.0,0.08333333333333333,3.0,0.9166666666666666,33.0,0.047619047619047616,1.0,0.8695652173913043,0.9523809523809523,0.909090909090909,0.8544784126535336,0.9675925925925926,0.957502451781628,0.9298245614035088,0.06077694235588973,0.9392230576441103,0.07017543859649122,0.9333692286983443,0.9298245614035088,0.9304169514695829,0.8544784126535336,0.9675925925925924,0.9612713777395573,0.9259740259740259,0.9298245614035088,16.135,0.006,16.087789,0.006247,16087.789,6.247,344801.0,144714.0,18679.0,98.24561403508773,57.89473684210526,?
'WDBC_prepared-weka.filters.unsupervised.attribute.RenameNominalValues-weka.filters.unsupervised.attribute.RenameNominalValues-Rdiagnosis-NM:0,B:1-weka.filters.unsupervised.attribute.Normalize-S1.0-T0.0',3,2,weka.classifiers.meta.Stacking,'-X 10 -M \"weka.classifiers.lazy.IBk -K 3 -W 0 -A \\\"weka.core.neighboursearch.LinearNNSearch -A \\\\\\\"weka.core.EuclideanDistance -R first-last\\\\\\\"\\\"\" -S 1 -num-slots 1 -B \"weka.classifiers.functions.MultilayerPerceptron -L 0.01 -M 0.8 -N 50 -V 0 -S 0 -E 20 -H 8\" -B \"weka.classifiers.functions.MultilayerPerceptron -L 0.01 -M 0.8 -N 50 -V 0 -S 0 -E 20 -H 8\" -B \"weka.classifiers.functions.MultilayerPerceptron -L 0.01 -M 0.8 -N 50 -V 0 -S 0 -E 20 -H 8\" -B \"weka.classifiers.functions.MultilayerPerceptron -L 0.01 -M 0.8 -N 50 -V 0 -S 0 -E 20 -H 8\" -B \"weka.classifiers.functions.MultilayerPerceptron -L 0.01 -M 0.8 -N 50 -V 0 -S 0 -E 20 -H 8\" -B \"weka.classifiers.functions.MultilayerPerceptron -L 0.01 -M 0.8 -N 50 -V 0 -S 0 -E 20 -H 8\" -B \"weka.classifiers.functions.MultilayerPerceptron -L 0.01 -M 0.8 -N 50 -V 0 -S 0 -E 20 -H 8\" -B \"weka.classifiers.functions.MultilayerPerceptron -L 0.01 -M 0.8 -N 50 -V 0 -S 0 -E 20 -H 8\" -B \"weka.classifiers.trees.J48 -C 0.25 -M 2\" -B \"weka.classifiers.trees.J48 -C 0.25 -M 2\" -B \"weka.classifiers.trees.J48 -C 0.25 -M 2\" -B \"weka.classifiers.trees.J48 -C 0.25 -M 2\" -B \"weka.classifiers.trees.J48 -C 0.25 -M 2\" -B \"weka.classifiers.trees.J48 -C 0.25 -M 2\" -B \"weka.classifiers.trees.J48 -C 0.25 -M 2\"',5134738557155845452,2.01906081926E7,512.0,57.0,55.0,2.0,0.0,96.49122807017544,3.508771929824561,0.0,0.9260700389105059,0.05905368101658573,0.2070021700541204,12.652879526282923,42.91058109359072,54.123379176780546,23.563261202023547,30.560117974757,0.9495329680136938,0.4133905474039219,0.5361424206097719,47.544934788118795,0.8341216629494526,87.8454662500379,1.0,21.0,0.05555555555555555,2.0,0.9444444444444444,34.0,0.0,0.0,0.9130434782608695,1.0,0.9545454545454545,0.9286112429750731,0.9708994708994709,0.909279126670431,0.9649122807017544,0.02046783625730994,0.9795321637426899,0.03508771929824561,0.9679633867276888,0.9649122807017544,0.9652084757347914,0.9286112429750731,0.970899470899471,0.9536494658739632,0.962987012987013,0.9649122807017544,16.188,0.006,16.012548000000002,0.005849999999999999,16012.548,5.85,352445.0,144714.0,18679.0,96.49122807017544,53.50877192982456,?
'WDBC_prepared-weka.filters.unsupervised.attribute.RenameNominalValues-weka.filters.unsupervised.attribute.RenameNominalValues-Rdiagnosis-NM:0,B:1-weka.filters.unsupervised.attribute.Normalize-S1.0-T0.0',3,3,weka.classifiers.meta.Stacking,'-X 10 -M \"weka.classifiers.lazy.IBk -K 3 -W 0 -A \\\"weka.core.neighboursearch.LinearNNSearch -A \\\\\\\"weka.core.EuclideanDistance -R first-last\\\\\\\"\\\"\" -S 1 -num-slots 1 -B \"weka.classifiers.functions.MultilayerPerceptron -L 0.01 -M 0.8 -N 50 -V 0 -S 0 -E 20 -H 8\" -B \"weka.classifiers.functions.MultilayerPerceptron -L 0.01 -M 0.8 -N 50 -V 0 -S 0 -E 20 -H 8\" -B \"weka.classifiers.functions.MultilayerPerceptron -L 0.01 -M 0.8 -N 50 -V 0 -S 0 -E 20 -H 8\" -B \"weka.classifiers.functions.MultilayerPerceptron -L 0.01 -M 0.8 -N 50 -V 0 -S 0 -E 20 -H 8\" -B \"weka.classifiers.functions.MultilayerPerceptron -L 0.01 -M 0.8 -N 50 -V 0 -S 0 -E 20 -H 8\" -B \"weka.classifiers.functions.MultilayerPerceptron -L 0.01 -M 0.8 -N 50 -V 0 -S 0 -E 20 -H 8\" -B \"weka.classifiers.functions.MultilayerPerceptron -L 0.01 -M 0.8 -N 50 -V 0 -S 0 -E 20 -H 8\" -B \"weka.classifiers.functions.MultilayerPerceptron -L 0.01 -M 0.8 -N 50 -V 0 -S 0 -E 20 -H 8\" -B \"weka.classifiers.trees.J48 -C 0.25 -M 2\" -B \"weka.classifiers.trees.J48 -C 0.25 -M 2\" -B \"weka.classifiers.trees.J48 -C 0.25 -M 2\" -B \"weka.classifiers.trees.J48 -C 0.25 -M 2\" -B \"weka.classifiers.trees.J48 -C 0.25 -M 2\" -B \"weka.classifiers.trees.J48 -C 0.25 -M 2\" -B \"weka.classifiers.trees.J48 -C 0.25 -M 2\"',5134738557155845452,2.01906081926E7,512.0,57.0,54.0,3.0,0.0,94.73684210526316,5.2631578947368425,0.0,0.8880157170923378,0.07073437820819933,0.22503798128890729,15.155593189584772,46.649320355969834,54.123379176780546,25.14634763610726,28.977031540673284,0.9495329680136938,0.44116399361591685,0.508368974397777,46.03593500040689,0.8076479824632787,85.05739238867913,0.9523809523809523,20.0,0.05555555555555555,2.0,0.9444444444444444,34.0,0.047619047619047616,1.0,0.9090909090909091,0.9523809523809523,0.9302325581395349,0.8886350389948482,0.9583333333333334,0.9203577124629756,0.9473684210526315,0.050543024227234744,0.9494569757727652,0.05263157894736842,0.9484620642515378,0.9473684210526315,0.9476097712345062,0.8886350389948482,0.9583333333333334,0.9447468871810977,0.9439895185063871,0.9473684210526315,16.609,0.006,16.414043000000003,0.006096,16414.043,6.096,347349.0,144714.0,18679.0,96.49122807017544,54.3859649122807,?
'WDBC_prepared-weka.filters.unsupervised.attribute.RenameNominalValues-weka.filters.unsupervised.attribute.RenameNominalValues-Rdiagnosis-NM:0,B:1-weka.filters.unsupervised.attribute.Normalize-S1.0-T0.0',3,4,weka.classifiers.meta.Stacking,'-X 10 -M \"weka.classifiers.lazy.IBk -K 3 -W 0 -A \\\"weka.core.neighboursearch.LinearNNSearch -A \\\\\\\"weka.core.EuclideanDistance -R first-last\\\\\\\"\\\"\" -S 1 -num-slots 1 -B \"weka.classifiers.functions.MultilayerPerceptron -L 0.01 -M 0.8 -N 50 -V 0 -S 0 -E 20 -H 8\" -B \"weka.classifiers.functions.MultilayerPerceptron -L 0.01 -M 0.8 -N 50 -V 0 -S 0 -E 20 -H 8\" -B \"weka.classifiers.functions.MultilayerPerceptron -L 0.01 -M 0.8 -N 50 -V 0 -S 0 -E 20 -H 8\" -B \"weka.classifiers.functions.MultilayerPerceptron -L 0.01 -M 0.8 -N 50 -V 0 -S 0 -E 20 -H 8\" -B \"weka.classifiers.functions.MultilayerPerceptron -L 0.01 -M 0.8 -N 50 -V 0 -S 0 -E 20 -H 8\" -B \"weka.classifiers.functions.MultilayerPerceptron -L 0.01 -M 0.8 -N 50 -V 0 -S 0 -E 20 -H 8\" -B \"weka.classifiers.functions.MultilayerPerceptron -L 0.01 -M 0.8 -N 50 -V 0 -S 0 -E 20 -H 8\" -B \"weka.classifiers.functions.MultilayerPerceptron -L 0.01 -M 0.8 -N 50 -V 0 -S 0 -E 20 -H 8\" -B \"weka.classifiers.trees.J48 -C 0.25 -M 2\" -B \"weka.classifiers.trees.J48 -C 0.25 -M 2\" -B \"weka.classifiers.trees.J48 -C 0.25 -M 2\" -B \"weka.classifiers.trees.J48 -C 0.25 -M 2\" -B \"weka.classifiers.trees.J48 -C 0.25 -M 2\" -B \"weka.classifiers.trees.J48 -C 0.25 -M 2\" -B \"weka.classifiers.trees.J48 -C 0.25 -M 2\"',5134738557155845452,2.01906081926E7,512.0,57.0,54.0,3.0,0.0,94.73684210526316,5.2631578947368425,0.0,0.8834355828220858,0.05905368101658572,0.19738641247809577,12.65287952628292,40.9172795492908,54.123379176780546,15.559039365202246,38.5643398115783,0.9495329680136938,0.27296560289828503,0.6765673651154088,47.20492151100282,0.8281565177368916,87.21724738734382,0.8571428571428571,18.0,0.0,0.0,1.0,36.0,0.14285714285714285,3.0,1.0,0.8571428571428571,0.923076923076923,0.8894991799933214,0.9722222222222222,0.9612668033720665,0.9473684210526315,0.09022556390977443,0.9097744360902255,0.05263157894736842,0.9514170040485831,0.9473684210526315,0.9463967611336033,0.8894991799933215,0.9722222222222223,0.9659882130796258,0.9415384615384615,0.9473684210526315,16.676,0.006,16.510512,0.005959,16510.512,5.959,352445.0,144714.0,18679.0,98.24561403508773,54.3859649122807,?
'WDBC_prepared-weka.filters.unsupervised.attribute.RenameNominalValues-weka.filters.unsupervised.attribute.RenameNominalValues-Rdiagnosis-NM:0,B:1-weka.filters.unsupervised.attribute.Normalize-S1.0-T0.0',3,5,weka.classifiers.meta.Stacking,'-X 10 -M \"weka.classifiers.lazy.IBk -K 3 -W 0 -A \\\"weka.core.neighboursearch.LinearNNSearch -A \\\\\\\"weka.core.EuclideanDistance -R first-last\\\\\\\"\\\"\" -S 1 -num-slots 1 -B \"weka.classifiers.functions.MultilayerPerceptron -L 0.01 -M 0.8 -N 50 -V 0 -S 0 -E 20 -H 8\" -B \"weka.classifiers.functions.MultilayerPerceptron -L 0.01 -M 0.8 -N 50 -V 0 -S 0 -E 20 -H 8\" -B \"weka.classifiers.functions.MultilayerPerceptron -L 0.01 -M 0.8 -N 50 -V 0 -S 0 -E 20 -H 8\" -B \"weka.classifiers.functions.MultilayerPerceptron -L 0.01 -M 0.8 -N 50 -V 0 -S 0 -E 20 -H 8\" -B \"weka.classifiers.functions.MultilayerPerceptron -L 0.01 -M 0.8 -N 50 -V 0 -S 0 -E 20 -H 8\" -B \"weka.classifiers.functions.MultilayerPerceptron -L 0.01 -M 0.8 -N 50 -V 0 -S 0 -E 20 -H 8\" -B \"weka.classifiers.functions.MultilayerPerceptron -L 0.01 -M 0.8 -N 50 -V 0 -S 0 -E 20 -H 8\" -B \"weka.classifiers.functions.MultilayerPerceptron -L 0.01 -M 0.8 -N 50 -V 0 -S 0 -E 20 -H 8\" -B \"weka.classifiers.trees.J48 -C 0.25 -M 2\" -B \"weka.classifiers.trees.J48 -C 0.25 -M 2\" -B \"weka.classifiers.trees.J48 -C 0.25 -M 2\" -B \"weka.classifiers.trees.J48 -C 0.25 -M 2\" -B \"weka.classifiers.trees.J48 -C 0.25 -M 2\" -B \"weka.classifiers.trees.J48 -C 0.25 -M 2\" -B \"weka.classifiers.trees.J48 -C 0.25 -M 2\"',5134738557155845452,2.0190608192700002E7,512.0,57.0,49.0,8.0,0.0,85.96491228070175,14.035087719298245,0.0,0.7153558052434457,0.13497821276207408,0.315169664263384,28.920518337744934,65.33319642532173,54.123379176780546,42.06459482213291,12.058784354647635,0.9495329680136938,0.7379753477567177,0.21155762025697605,37.906442806549386,0.6650253123956033,70.03709558255301,0.9523809523809523,20.0,0.19444444444444445,7.0,0.8055555555555556,29.0,0.047619047619047616,1.0,0.7407407407407407,0.9523809523809523,0.8333333333333334,0.732236232413276,0.9345238095238095,0.8595191682910981,0.8596491228070176,0.1017126148705096,0.8982873851294904,0.14035087719298245,0.8834307992202729,0.8596491228070176,0.8620414673046253,0.732236232413276,0.9345238095238095,0.9101175902191598,0.8560606060606062,0.8596491228070176,16.239,0.006,16.108993,0.0061719999999999995,16108.993,6.172,349897.0,144714.0,18679.0,94.73684210526316,57.89473684210526,?
'WDBC_prepared-weka.filters.unsupervised.attribute.RenameNominalValues-weka.filters.unsupervised.attribute.RenameNominalValues-Rdiagnosis-NM:0,B:1-weka.filters.unsupervised.attribute.Normalize-S1.0-T0.0',3,6,weka.classifiers.meta.Stacking,'-X 10 -M \"weka.classifiers.lazy.IBk -K 3 -W 0 -A \\\"weka.core.neighboursearch.LinearNNSearch -A \\\\\\\"weka.core.EuclideanDistance -R first-last\\\\\\\"\\\"\" -S 1 -num-slots 1 -B \"weka.classifiers.functions.MultilayerPerceptron -L 0.01 -M 0.8 -N 50 -V 0 -S 0 -E 20 -H 8\" -B \"weka.classifiers.functions.MultilayerPerceptron -L 0.01 -M 0.8 -N 50 -V 0 -S 0 -E 20 -H 8\" -B \"weka.classifiers.functions.MultilayerPerceptron -L 0.01 -M 0.8 -N 50 -V 0 -S 0 -E 20 -H 8\" -B \"weka.classifiers.functions.MultilayerPerceptron -L 0.01 -M 0.8 -N 50 -V 0 -S 0 -E 20 -H 8\" -B \"weka.classifiers.functions.MultilayerPerceptron -L 0.01 -M 0.8 -N 50 -V 0 -S 0 -E 20 -H 8\" -B \"weka.classifiers.functions.MultilayerPerceptron -L 0.01 -M 0.8 -N 50 -V 0 -S 0 -E 20 -H 8\" -B \"weka.classifiers.functions.MultilayerPerceptron -L 0.01 -M 0.8 -N 50 -V 0 -S 0 -E 20 -H 8\" -B \"weka.classifiers.functions.MultilayerPerceptron -L 0.01 -M 0.8 -N 50 -V 0 -S 0 -E 20 -H 8\" -B \"weka.classifiers.trees.J48 -C 0.25 -M 2\" -B \"weka.classifiers.trees.J48 -C 0.25 -M 2\" -B \"weka.classifiers.trees.J48 -C 0.25 -M 2\" -B \"weka.classifiers.trees.J48 -C 0.25 -M 2\" -B \"weka.classifiers.trees.J48 -C 0.25 -M 2\" -B \"weka.classifiers.trees.J48 -C 0.25 -M 2\" -B \"weka.classifiers.trees.J48 -C 0.25 -M 2\"',5134738557155845452,2.0190608192700002E7,512.0,57.0,53.0,4.0,0.0,92.98245614035088,7.017543859649122,0.0,0.8492063492063492,0.07657472680400607,0.20230776384960122,16.40695002123568,41.93745265695351,54.123379176780546,9.308297294274833,44.81508188250571,0.9495329680136938,0.16330346130306725,0.7862295067106264,45.11142846799295,0.7914285696139114,83.34924602665274,0.9047619047619048,19.0,0.05555555555555555,2.0,0.9444444444444444,34.0,0.09523809523809523,2.0,0.9047619047619048,0.9047619047619048,0.9047619047619048,0.8492063492063492,0.9880952380952381,0.9761904761904762,0.9298245614035088,0.08061821219715956,0.9193817878028403,0.07017543859649122,0.9298245614035088,0.9298245614035088,0.9298245614035088,0.8492063492063491,0.988095238095238,0.9845080537601314,0.9246031746031746,0.9298245614035088,16.217,0.006,16.095182,0.005736,16095.182,5.736,352445.0,144714.0,18679.0,100.0,57.89473684210526,?
'WDBC_prepared-weka.filters.unsupervised.attribute.RenameNominalValues-weka.filters.unsupervised.attribute.RenameNominalValues-Rdiagnosis-NM:0,B:1-weka.filters.unsupervised.attribute.Normalize-S1.0-T0.0',3,7,weka.classifiers.meta.Stacking,'-X 10 -M \"weka.classifiers.lazy.IBk -K 3 -W 0 -A \\\"weka.core.neighboursearch.LinearNNSearch -A \\\\\\\"weka.core.EuclideanDistance -R first-last\\\\\\\"\\\"\" -S 1 -num-slots 1 -B \"weka.classifiers.functions.MultilayerPerceptron -L 0.01 -M 0.8 -N 50 -V 0 -S 0 -E 20 -H 8\" -B \"weka.classifiers.functions.MultilayerPerceptron -L 0.01 -M 0.8 -N 50 -V 0 -S 0 -E 20 -H 8\" -B \"weka.classifiers.functions.MultilayerPerceptron -L 0.01 -M 0.8 -N 50 -V 0 -S 0 -E 20 -H 8\" -B \"weka.classifiers.functions.MultilayerPerceptron -L 0.01 -M 0.8 -N 50 -V 0 -S 0 -E 20 -H 8\" -B \"weka.classifiers.functions.MultilayerPerceptron -L 0.01 -M 0.8 -N 50 -V 0 -S 0 -E 20 -H 8\" -B \"weka.classifiers.functions.MultilayerPerceptron -L 0.01 -M 0.8 -N 50 -V 0 -S 0 -E 20 -H 8\" -B \"weka.classifiers.functions.MultilayerPerceptron -L 0.01 -M 0.8 -N 50 -V 0 -S 0 -E 20 -H 8\" -B \"weka.classifiers.functions.MultilayerPerceptron -L 0.01 -M 0.8 -N 50 -V 0 -S 0 -E 20 -H 8\" -B \"weka.classifiers.trees.J48 -C 0.25 -M 2\" -B \"weka.classifiers.trees.J48 -C 0.25 -M 2\" -B \"weka.classifiers.trees.J48 -C 0.25 -M 2\" -B \"weka.classifiers.trees.J48 -C 0.25 -M 2\" -B \"weka.classifiers.trees.J48 -C 0.25 -M 2\" -B \"weka.classifiers.trees.J48 -C 0.25 -M 2\" -B \"weka.classifiers.trees.J48 -C 0.25 -M 2\"',5134738557155845452,2.0190608192700002E7,512.0,57.0,54.0,3.0,0.0,94.73684210526316,5.2631578947368425,0.0,0.8834355828220858,0.06489402961239253,0.23762839088628573,13.904236357933847,49.2592533430906,54.123379176780546,32.98017614111839,21.143203035662154,0.9495329680136938,0.5785995814231297,0.37093338659056413,46.62042825570485,0.8179022501000851,86.13731988801148,0.8571428571428571,18.0,0.0,0.0,1.0,36.0,0.14285714285714285,3.0,1.0,0.8571428571428571,0.923076923076923,0.8894991799933214,0.9246031746031746,0.9097744360902256,0.9473684210526315,0.09022556390977443,0.9097744360902255,0.05263157894736842,0.9514170040485831,0.9473684210526315,0.9463967611336033,0.8894991799933215,0.9246031746031745,0.9156957938121372,0.9415384615384615,0.9473684210526315,16.075,0.007,15.998709999999999,0.007033,15998.71,7.033,347349.0,144714.0,18679.0,94.73684210526316,51.75438596491228,?
'WDBC_prepared-weka.filters.unsupervised.attribute.RenameNominalValues-weka.filters.unsupervised.attribute.RenameNominalValues-Rdiagnosis-NM:0,B:1-weka.filters.unsupervised.attribute.Normalize-S1.0-T0.0',3,8,weka.classifiers.meta.Stacking,'-X 10 -M \"weka.classifiers.lazy.IBk -K 3 -W 0 -A \\\"weka.core.neighboursearch.LinearNNSearch -A \\\\\\\"weka.core.EuclideanDistance -R first-last\\\\\\\"\\\"\" -S 1 -num-slots 1 -B \"weka.classifiers.functions.MultilayerPerceptron -L 0.01 -M 0.8 -N 50 -V 0 -S 0 -E 20 -H 8\" -B \"weka.classifiers.functions.MultilayerPerceptron -L 0.01 -M 0.8 -N 50 -V 0 -S 0 -E 20 -H 8\" -B \"weka.classifiers.functions.MultilayerPerceptron -L 0.01 -M 0.8 -N 50 -V 0 -S 0 -E 20 -H 8\" -B \"weka.classifiers.functions.MultilayerPerceptron -L 0.01 -M 0.8 -N 50 -V 0 -S 0 -E 20 -H 8\" -B \"weka.classifiers.functions.MultilayerPerceptron -L 0.01 -M 0.8 -N 50 -V 0 -S 0 -E 20 -H 8\" -B \"weka.classifiers.functions.MultilayerPerceptron -L 0.01 -M 0.8 -N 50 -V 0 -S 0 -E 20 -H 8\" -B \"weka.classifiers.functions.MultilayerPerceptron -L 0.01 -M 0.8 -N 50 -V 0 -S 0 -E 20 -H 8\" -B \"weka.classifiers.functions.MultilayerPerceptron -L 0.01 -M 0.8 -N 50 -V 0 -S 0 -E 20 -H 8\" -B \"weka.classifiers.trees.J48 -C 0.25 -M 2\" -B \"weka.classifiers.trees.J48 -C 0.25 -M 2\" -B \"weka.classifiers.trees.J48 -C 0.25 -M 2\" -B \"weka.classifiers.trees.J48 -C 0.25 -M 2\" -B \"weka.classifiers.trees.J48 -C 0.25 -M 2\" -B \"weka.classifiers.trees.J48 -C 0.25 -M 2\" -B \"weka.classifiers.trees.J48 -C 0.25 -M 2\"',5134738557155845452,2.01906081928E7,512.0,57.0,55.0,2.0,0.0,96.49122807017544,3.508771929824561,0.0,0.925974025974026,0.035692286633358467,0.16512270945018823,7.582572792285811,33.90370731608499,54.87850267297728,12.806966420522603,42.07153625245468,0.9627807486487242,0.22468362141267723,0.7380971272360469,50.63191091329516,0.8882791388297396,92.26183012866132,0.9545454545454546,21.0,0.02857142857142857,1.0,0.9714285714285714,34.0,0.045454545454545456,1.0,0.9545454545454546,0.9545454545454546,0.9545454545454546,0.925974025974026,0.9844155844155844,0.9528236914600552,0.9649122807017544,0.03893825472772842,0.9610617452722717,0.03508771929824561,0.9649122807017544,0.9649122807017544,0.9649122807017544,0.9259740259740261,0.9844155844155844,0.9745190328292821,0.9629870129870131,0.9649122807017544,21.319,0.006,16.327288,0.006064,16327.288,6.064,339705.0,144714.0,18679.0,98.24561403508773,51.75438596491228,?
'WDBC_prepared-weka.filters.unsupervised.attribute.RenameNominalValues-weka.filters.unsupervised.attribute.RenameNominalValues-Rdiagnosis-NM:0,B:1-weka.filters.unsupervised.attribute.Normalize-S1.0-T0.0',3,9,weka.classifiers.meta.Stacking,'-X 10 -M \"weka.classifiers.lazy.IBk -K 3 -W 0 -A \\\"weka.core.neighboursearch.LinearNNSearch -A \\\\\\\"weka.core.EuclideanDistance -R first-last\\\\\\\"\\\"\" -S 1 -num-slots 1 -B \"weka.classifiers.functions.MultilayerPerceptron -L 0.01 -M 0.8 -N 50 -V 0 -S 0 -E 20 -H 8\" -B \"weka.classifiers.functions.MultilayerPerceptron -L 0.01 -M 0.8 -N 50 -V 0 -S 0 -E 20 -H 8\" -B \"weka.classifiers.functions.MultilayerPerceptron -L 0.01 -M 0.8 -N 50 -V 0 -S 0 -E 20 -H 8\" -B \"weka.classifiers.functions.MultilayerPerceptron -L 0.01 -M 0.8 -N 50 -V 0 -S 0 -E 20 -H 8\" -B \"weka.classifiers.functions.MultilayerPerceptron -L 0.01 -M 0.8 -N 50 -V 0 -S 0 -E 20 -H 8\" -B \"weka.classifiers.functions.MultilayerPerceptron -L 0.01 -M 0.8 -N 50 -V 0 -S 0 -E 20 -H 8\" -B \"weka.classifiers.functions.MultilayerPerceptron -L 0.01 -M 0.8 -N 50 -V 0 -S 0 -E 20 -H 8\" -B \"weka.classifiers.functions.MultilayerPerceptron -L 0.01 -M 0.8 -N 50 -V 0 -S 0 -E 20 -H 8\" -B \"weka.classifiers.trees.J48 -C 0.25 -M 2\" -B \"weka.classifiers.trees.J48 -C 0.25 -M 2\" -B \"weka.classifiers.trees.J48 -C 0.25 -M 2\" -B \"weka.classifiers.trees.J48 -C 0.25 -M 2\" -B \"weka.classifiers.trees.J48 -C 0.25 -M 2\" -B \"weka.classifiers.trees.J48 -C 0.25 -M 2\" -B \"weka.classifiers.trees.J48 -C 0.25 -M 2\"',5134738557155845452,2.01906081928E7,512.0,57.0,54.0,3.0,0.0,94.73684210526316,5.2631578947368425,0.0,0.8880157170923378,0.07073437820819924,0.2250379812889074,15.027016262372713,46.20576950333605,54.87850267297728,25.146347636107265,29.73215503687001,0.9627807486487242,0.4411639936159169,0.5216167550328072,46.78187790828528,0.8207347001453558,85.24627245582839,0.9090909090909091,20.0,0.02857142857142857,1.0,0.9714285714285714,34.0,0.09090909090909091,2.0,0.9523809523809523,0.9090909090909091,0.9302325581395349,0.8886350389948482,0.948051948051948,0.9441786283891547,0.9473684210526315,0.06684894053315106,0.9331510594668488,0.05263157894736842,0.9475076580339737,0.9473684210526315,0.9471270708707571,0.8886350389948482,0.9480519480519479,0.9407132201453531,0.9439895185063871,0.9473684210526315,21.61,0.007,16.230545,0.00631,16230.545,6.31,344801.0,144714.0,18679.0,96.49122807017544,54.3859649122807,?
'WDBC_prepared-weka.filters.unsupervised.attribute.RenameNominalValues-weka.filters.unsupervised.attribute.RenameNominalValues-Rdiagnosis-NM:0,B:1-weka.filters.unsupervised.attribute.Normalize-S1.0-T0.0',3,10,weka.classifiers.meta.Stacking,'-X 10 -M \"weka.classifiers.lazy.IBk -K 3 -W 0 -A \\\"weka.core.neighboursearch.LinearNNSearch -A \\\\\\\"weka.core.EuclideanDistance -R first-last\\\\\\\"\\\"\" -S 1 -num-slots 1 -B \"weka.classifiers.functions.MultilayerPerceptron -L 0.01 -M 0.8 -N 50 -V 0 -S 0 -E 20 -H 8\" -B \"weka.classifiers.functions.MultilayerPerceptron -L 0.01 -M 0.8 -N 50 -V 0 -S 0 -E 20 -H 8\" -B \"weka.classifiers.functions.MultilayerPerceptron -L 0.01 -M 0.8 -N 50 -V 0 -S 0 -E 20 -H 8\" -B \"weka.classifiers.functions.MultilayerPerceptron -L 0.01 -M 0.8 -N 50 -V 0 -S 0 -E 20 -H 8\" -B \"weka.classifiers.functions.MultilayerPerceptron -L 0.01 -M 0.8 -N 50 -V 0 -S 0 -E 20 -H 8\" -B \"weka.classifiers.functions.MultilayerPerceptron -L 0.01 -M 0.8 -N 50 -V 0 -S 0 -E 20 -H 8\" -B \"weka.classifiers.functions.MultilayerPerceptron -L 0.01 -M 0.8 -N 50 -V 0 -S 0 -E 20 -H 8\" -B \"weka.classifiers.functions.MultilayerPerceptron -L 0.01 -M 0.8 -N 50 -V 0 -S 0 -E 20 -H 8\" -B \"weka.classifiers.trees.J48 -C 0.25 -M 2\" -B \"weka.classifiers.trees.J48 -C 0.25 -M 2\" -B \"weka.classifiers.trees.J48 -C 0.25 -M 2\" -B \"weka.classifiers.trees.J48 -C 0.25 -M 2\" -B \"weka.classifiers.trees.J48 -C 0.25 -M 2\" -B \"weka.classifiers.trees.J48 -C 0.25 -M 2\" -B \"weka.classifiers.trees.J48 -C 0.25 -M 2\"',5134738557155845452,2.01906081928E7,513.0,56.0,52.0,4.0,0.0,92.85714285714286,7.142857142857143,0.0,0.8415841584158417,0.08981876332622597,0.23140573345733242,19.18368610181705,47.798476180125704,53.4491279065209,18.89739452255304,34.55173338396786,0.9544487126164446,0.33745347361701855,0.616995238999426,43.26467531906329,0.7725834878404159,80.94552149612326,0.8095238095238095,17.0,0.0,0.0,1.0,35.0,0.19047619047619047,4.0,1.0,0.8095238095238095,0.8947368421052632,0.852347186594598,0.9625850340136054,0.9416666666666667,0.9285714285714286,0.11904761904761904,0.8809523809523808,0.07142857142857142,0.9358974358974359,0.9285714285714286,0.92674253200569,0.8523471865945981,0.9625850340136053,0.9516863848517074,0.9203413940256047,0.9285714285714286,18.585,0.007,16.275354,0.0070339999999999995,16275.354,7.034,362914.0,144991.0,18402.0,98.21428571428571,58.035714285714285,?
