http://www.sigeventos.ufrn.br/eventos/public/confirmarCadastro/d4daf35a11384359fb99d6faaaedb10bc4725874/45163;1
http://www.sigeventos.ufrn.br/eventos/public/confirmarAlteracaoSenha/fd7c20775d06b7f3921c0910d6aa2c873e507894/49077;2
http://www.sigeventos.ufrn.br/eventos/public/confirmarCadastro/24407995ed6aa95d255f938ff7d61b552f40a1da/45882;3
http://www.sigeventos.ufrn.br/eventos/interno/cadastros/cadastroEndereco.xhtml;4
http://www.sigeventos.ufrn.br/eventos/public/confirmarAlteracaoSenha/cbca3417795d9b406f7969adc370d2d237d7b833/48445;5
http://www.sigeventos.ufrn.br/eventos/public/confirmarCadastro/ec7e6b0449bc4ebb8bd1475fd53cb3736b340d56/57779;6
http://www.sigeventos.ufrn.br/eventos/public/confirmarCadastro/f9a3691feadeee07972e08eb4c78a98aef016d7c/58735;7
http://www.sigeventos.ufrn.br/eventos/interno/paginaPublicaEvento/formCadastroColaboradores.xhtml;8
http://www.sigeventos.ufrn.br/eventos/public/confirmarCadastro/491385c56fc71efa0c72538f5ef63b31f1790744/47518;9
http://www.sigeventos.ufrn.br/eventos/interno/cadastros/cadastroInformacoesLogin.xhtml;10
http://www.sigeventos.ufrn.br/eventos/login.xhtml;11
http://www.sigeventos.ufrn.br/eventos/public/evento-nao-encontrado;12
http://www.sigeventos.ufrn.br/eventos/public/confirmarCadastro/6fa060c49bd23cb441284957ed2c2efc8d456b79/58821;13
http://www.sigeventos.ufrn.br/eventos/public/confirmarCadastro/a72e89a0746f5a5ae1f2ca52ee6f688a5b113865/45586;14
http://www.sigeventos.ufrn.br/eventos/interno/cadastros/eventos/formPeriodosDeInscricaoEvento.xhtml;15
http://www.sigeventos.ufrn.br/eventos/;16
http://www.sigeventos.ufrn.br/eventos/public/confirmarCadastro/844cc5be49a48cb214a575a56a96d95f8dc91a80/58090;17
http://www.sigeventos.ufrn.br/eventos/interno/inscricoes/paginaEscolhePeriodoInscricao.xhtml;18
http://www.sigeventos.ufrn.br/eventos/public/confirmarAlteracaoSenha/ceb01e1f00a241724302f750b0e7ef7389a5649e/54806;19
http://www.sigeventos.ufrn.br/eventos/interno/relatorios/comum/paginaPadraoFiltrosRelatoriosSigEventos.xhtml;20
http://www.sigeventos.ufrn.br/eventos/interno/equipe_organizadora/listaEquipeOrganizadoraEvento.xhtml;21
http://www.sigeventos.ufrn.br/eventos/interno/submissoes/formSubmeterTrabalho.xhtml;22
http://www.sigeventos.ufrn.br/eventos/public/confirmarCadastro/2e6b12d53a68cbfa21092b4f26152e389680dc60/45900;23
http://www.sigeventos.ufrn.br/eventos/public/confirmarAlteracaoSenha/c46e1ed411703fbeaf3844d36eff8c56f5a404aa/37900;24
http://www.sigeventos.ufrn.br/eventos/public/confirmarCadastro/86546463199161c38ff51ee73e1c295e4e74e345/57300;25
http://www.sigeventos.ufrn.br/eventos/interno/inscricoes/listaParticipantesEvento.xhtml;26
http://www.sigeventos.ufrn.br/eventos/interno/cadastros/tipoParticipante/listaTiposParticipantes.xhtml;27
http://www.sigeventos.ufrn.br/eventos/public/confirmarAlteracaoSenha/dfbba188b6bbdb69b32ef29500f3e9024bebb548/49732;28
http://www.sigeventos.ufrn.br/eventos/interno/inscricoes/listaEventosPricipaisInscricoesAbertas.xhtml;29
http://www.sigeventos.ufrn.br/eventos/public/confirmarAlteracaoSenha/3a91e073f12753c8ed1c1b58bdabafc1e5747f20/10515;30
http://www.sigeventos.ufrn.br/eventos/public/confirmarAlteracaoSenha/79181402c387a02a06d6b6a1f256090ea198bc41/44690;31
http://www.sigeventos.ufrn.br/eventos/interno/cadastros/questionario/formDadosGeraisQuestionario.xhtml;32
http://www.sigeventos.ufrn.br/eventos/interno/inscricoes/confirmaCancelamentoInscricaoParticipante.xhtml;33
http://www.sigeventos.ufrn.br/eventos/interno/submissoes/listaMinhasSubmissoes.xhtml;34
http://www.sigeventos.ufrn.br/eventos/interno/avaliacoes/finais/formAvaliacaoParcialPeloGestor.xhtml;35
http://www.sigeventos.ufrn.br/eventos/public/confirmarAlteracaoSenha/a8fe174d92def9569229ab25244cae7cd232e39e/53731;36
http://www.sigeventos.ufrn.br/eventos/interno/cadastros/permissoes/listaPermissoesEventoSelecionado.xhtml;37
http://www.sigeventos.ufrn.br/eventos/interno/certificados/emissaoCertificadosPalestranteGestor.xhtml;38
http://www.sigeventos.ufrn.br/eventos/public/confirmarAlteracaoSenha/195c4361003f7ffa5f8af9b74e83ee38d56cfb79/47093;39
http://www.sigeventos.ufrn.br/eventos/interno/cadastros/areaDoTrabalho/listaAreasDoTrabalho.xhtml;40
http://www.sigeventos.ufrn.br/eventos/public/confirmarAlteracaoSenha/db6411c1e47465d9143b61c8572694ca23856f43/46034;41
http://www.sigeventos.ufrn.br/eventos/public/confirmarCadastro/187c6d56a82311ca64c45948a08c88b1b9b1a376/57297;42
http://www.sigeventos.ufrn.br/eventos/public/confirmarAlteracaoSenha/5291af9920a14aa3ae5142bd41e687f8ee1e5821/44590;43
http://www.sigeventos.ufrn.br/eventos/public/confirmarCadastro/04bba1dfa3264d9280d63bb34b0643416cb41b71/45312;44
http://www.sigeventos.ufrn.br/eventos/public/confirmarAlteracaoSenha/8e5e5a131a2146e8e04b89755e02bbc363165a5a/54410;45
http://www.sigeventos.ufrn.br/eventos/public/confirmarCadastro/8ca62f7d39b996fc69db68a5e64caddde6500d4e/58010;46
http://www.sigeventos.ufrn.br/eventos/public/confirmarCadastro/fba1ae638d43e19ef271e930b5558700e895b0df/47504;47
http://www.sigeventos.ufrn.br/eventos/public/confirmarAlteracaoSenha/551a9ac9c442c137497608a22b8d53aaf28b2055/56821;48
http://www.sigeventos.ufrn.br/eventos/public/confirmarCadastro/3f784c9d3f4ee9d0d4ea077b1e68884169a9d6dd/58301;49
http://www.sigeventos.ufrn.br/eventos/public/confirmarAlteracaoSenha/88d3015324541974bb935f225fd1132c38bf5d27/23697;50
http://www.sigeventos.ufrn.br/eventos/public/api/v1/credenciamento/eventos-frequencia;51
http://www.sigeventos.ufrn.br/eventos/public/confirmarAlteracaoSenha/5814f936464c47701b36432b3c2de9d0609ca1b5/44983;52
http://www.sigeventos.ufrn.br/eventos/interno/cadastros/criterioAvaliacao/listaCriteriosAvaliacao.xhtml;53
http://www.sigeventos.ufrn.br/eventos/interno/locais_apresentacao/formLocaisApresentacaoTrabalho.xhtml;54
http://www.sigeventos.ufrn.br/eventos/interno/paginaPublicaEvento/formCadastraAlteraNoticia.xhtml;55
http://www.sigeventos.ufrn.br/eventos/interno/credenciais/emissaoCredenciaisPalestranteEvento.xhtml;56
http://www.sigeventos.ufrn.br/eventos/public/confirmarCadastro/8d0358f08fa38ecc5ce3def024e063f300a548fd/45589;57
http://www.sigeventos.ufrn.br/eventos/public/confirmarCadastro/216cda4f1cf1ecd83be6c2a739e4bdff96dbdcc3/45242;58
http://www.sigeventos.ufrn.br/eventos/interno/cadastros/tipoParticipanteEquipeOrganizadora/formCadastraTipoParticipante.xhtml;59
http://www.sigeventos.ufrn.br/eventos/public/confirmarCadastro/aa544952cd0e96127ecd61fa2101e522372a3762/45316;60
http://www.sigeventos.ufrn.br/eventos/interno/menu.xhtml;61
http://www.sigeventos.ufrn.br/eventos/interno/notificacoes/formEnviarCartaAceite.xhtml;62
http://www.sigeventos.ufrn.br/eventos/public/confirmarAlteracaoSenha/5a127634edce5b913f2bc0d9599f2ab2de47b841/45154;63
http://www.sigeventos.ufrn.br/eventos/public/api/v1/pagamento/confirmar;64
http://www.sigeventos.ufrn.br/eventos/public/confirmarCadastro/3f6cc6290faff32bd75e5cded921b81e0149f598/57487;65
http://www.sigeventos.ufrn.br/eventos/public/confirmarCadastro/94d3760ce659895340d2e386e635f59c452cfa43/56854;66
http://www.sigeventos.ufrn.br/eventos/interno/inscricoes/listaMinhasIncricoes.xhtml;67
http://www.sigeventos.ufrn.br/eventos/interno/cadastros/eventos/listaEventosAssociadosParaGerenciar.xhtml;68
http://www.sigeventos.ufrn.br/eventos/public/confirmarCadastro/2de0e23a21639eea10cbd82ff6e142b9abaaca93/58961;69
http://www.sigeventos.ufrn.br/eventos/interno/pesquisas/buscaPadraoSubmissoes.xhtml;70
http://www.sigeventos.ufrn.br/eventos/interno/equipe_organizadora/listaEventosPricipaisInscricoesEquipeOrganizadoraAbertas.xhtml;71
http://www.sigeventos.ufrn.br/eventos/public/confirmarAlteracaoSenha/895b1891a0e77798a86dddbf9de64215910ef988/46110;72
http://www.sigeventos.ufrn.br/eventos/interno/relatorios/comum/listaPerguntasQuestionarioRelatorios.xhtml;73
http://www.sigeventos.ufrn.br/eventos/public/confirmarCadastro/abb70935a78fd73c3dd8ec5b4de136a7a35dfb2d/47503;74
http://www.sigeventos.ufrn.br/eventos/interno/avaliacoes/finais/listaSubmissoesParaAvaliacaoFinal.xhtml;75
http://www.sigeventos.ufrn.br/eventos/public/confirmarCadastro/53da383fd02908b5c8e90dc06f5a257e39eb4bcc/58527;76
http://www.sigeventos.ufrn.br/eventos/public/confirmarAlteracaoSenha/9e2bb140a893e97a158339fa3ece0e46805b8a24/55304;77
http://www.sigeventos.ufrn.br/eventos/public/confirmarCadastro/c48ad74d813f0e97e4cb352d14bfd96c49592c45/48526;78
http://www.sigeventos.ufrn.br/eventos/interno/cadastros/eventos/formPeriodosDeSubmissaoEvento.xhtml;79
http://www.sigeventos.ufrn.br/eventos/interno/paginaPublicaEvento/formConfiguracoesPaginaPublica.xhtml;80
http://www.sigeventos.ufrn.br/eventos/public/confirmarCadastro/0a0052879303dfeb8c8a541142109ee9afc9e782/45105;81
http://www.sigeventos.ufrn.br/eventos/public/confirmarCadastro/8f59d8cc03b452100795718bd8e87a01693c8211/47703;82
http://www.sigeventos.ufrn.br/eventos/interno/cadastros/eventos/formCadastraAlteraDadosEventoPrincipal.xhtml;83
http://www.sigeventos.ufrn.br/eventos/public/confirmarCadastro/94c8e0dee42f0ebb576c123de95d2e160b3a88a8/56896;84
http://www.sigeventos.ufrn.br/eventos/interno/cadastros/criterioAvaliacao/formCadastraCriterioAvaliacao.xhtml;85
http://www.sigeventos.ufrn.br/eventos/public/confirmarAlteracaoSenha/e57b42ed13f703190e305db96955e7f6bc35e303/47368;86
http://www.sigeventos.ufrn.br/eventos/public/confirmarCadastro/62e935cc67e7ed8d9f1c2dfe8a66ac2c6ebe106b/57913;87
http://www.sigeventos.ufrn.br/eventos/public/;88
http://www.sigeventos.ufrn.br/eventos/public/confirmarCadastro/d12f70625b7937c91ace7839b5ea43c14c2127d4/46573;89
http://www.sigeventos.ufrn.br/eventos/interno/certificados/emissaoCertificadosAvaliadoresPeloGestor.xhtml;90
http://www.sigeventos.ufrn.br/eventos/interno/cadastros/alteraCadastroSigEventos.xhtml;91
http://www.sigeventos.ufrn.br/eventos/interno/avaliacoes/distribuicao/formEscolheParametosDistribuicao.xhtml;92
http://www.sigeventos.ufrn.br/eventos/public/cadastros/reenviaSenhaAcessoSigEventos.xhtml;93
http://www.sigeventos.ufrn.br/eventos/public/confirmarAlteracaoSenha/c301959ac661a6e28b43bd023ac567643768923a/46585;94
http://www.sigeventos.ufrn.br/eventos/public/confirmarCadastro/5ca0b98b3ce0ee478e6ea92e48c58daa512645c0/57976;95
http://www.sigeventos.ufrn.br/eventos/interno/avaliacoes/parciais/listaMinhasAvaliacoes.xhtml;96
http://www.sigeventos.ufrn.br/eventos/public/evento;97
http://www.sigeventos.ufrn.br/eventos/interno/avaliacoes/finais/formAvaliacaoFinal.xhtml;98
http://www.sigeventos.ufrn.br/eventos/public/api/v1/login;99
http://www.sigeventos.ufrn.br/eventos/interno/avaliacoes/distribuicao/paginaDistribuicaoManualAvaliacoes.xhtml;100
http://www.sigeventos.ufrn.br/eventos/public/confirmarCadastro/644fa4d341b7d46f9b40b1f2aca1f97b6717a1ee/45052;101
http://www.sigeventos.ufrn.br/eventos/interno/area_administrativa.xhtml;102
http://www.sigeventos.ufrn.br/eventos/public/confirmarCadastro/042473588a830d5c9d291dfb195eb90c903305a6/47965;103
http://www.sigeventos.ufrn.br/eventos/public/confirmarCadastro/85db6fb43f985101f1dcda7e034bad076b3f30a1/58739;104
http://www.sigeventos.ufrn.br/eventos/public/confirmarAlteracaoSenha/0bfea9e5cdcc06f0590aa3e0911a5485af905d50/55423;105
http://www.sigeventos.ufrn.br/eventos/public/api/v1/credenciamento/participantes;106
http://www.sigeventos.ufrn.br/eventos/public/confirmarCadastro/0f38dfdc8a619425c7a15fa74d800a803e644ebf/47714;107
http://www.sigeventos.ufrn.br/eventos/public/confirmarCadastro/6d60f23d5e52c85dfd580c3fa2e80b63eb42893a/47657;108
http://www.sigeventos.ufrn.br/eventos/interno/paginaPublicaEvento/listaNoticiasGerenciar.xhtml;109
http://www.sigeventos.ufrn.br/eventos/interno/equipe_organizadora/formInscricaoEquipeOrganizadoraByGestor.xhtml;110
http://www.sigeventos.ufrn.br/eventos/public/confirmarCadastro/23ec60c88bd8d8729afaa151243db151a0648cf9/45590;111
http://www.sigeventos.ufrn.br/eventos/verArquivo;112
http://www.sigeventos.ufrn.br/eventos/interno/palestrantes/formCadastraPalestranteEvento.xhtml;113
http://www.sigeventos.ufrn.br/eventos/public/confirmarAlteracaoSenha/be4dcbad3b9e68256a8a770264ec28b2ca41a337/51786;114
http://www.sigeventos.ufrn.br/eventos/interno/avaliacoes/distribuicao/paginaEscolheTipoAvaliador.xhtml;115
http://www.sigeventos.ufrn.br/eventos/public/confirmarCadastro/2f0e4f4ceb26ec8378ce4d45b97e5d4e231efecd/56199;116
http://www.sigeventos.ufrn.br/eventos/public/confirmarAlteracaoSenha/966194853ad8bb1d007fbf8c720c6ddd6046ff2d/45249;117
http://www.sigeventos.ufrn.br/eventos/interno/avaliacoes/distribuicao/paginaEscolheTipoDistribuicaoManual.xhtml;118
http://www.sigeventos.ufrn.br/eventos/public/confirmarAlteracaoSenha/5f7099a035bbb8c9cfdbdf500d5db4b37f007abf/49479;119
http://www.sigeventos.ufrn.br/eventos/public/confirmarCadastro/8203f6c45b6374537bd83ad8112c031c979918eb/45164;120
http://www.sigeventos.ufrn.br/eventos/public/confirmarAlteracaoSenha/f95cbaae84426973bf2ae59d030907fa0a8d05e8/51352;121
http://www.sigeventos.ufrn.br/eventos/public/confirmarAlteracaoSenha/9006fc0aaca1fe093b05559367749bf7d048e20b/34588;122
http://www.sigeventos.ufrn.br/eventos/public/confirmarCadastro/dbfca7a0724c366ba467e2945331c5414c9fb362/48559;123
http://www.sigeventos.ufrn.br/eventos/interno/cadastros/permissoes/listaPermissoesPessoaSelecionada.xhtml;124
http://www.sigeventos.ufrn.br/eventos/public/confirmarCadastro/7dbb199314c35143cb6a5645aeff7c2ecbd275ee/48514;125
http://www.sigeventos.ufrn.br/eventos/public/confirmarCadastro/b139146c7d2b8e5ab3356940eb5f3697c8574953/45317;126
http://www.sigeventos.ufrn.br/eventos/interno/avaliacoes/parciais/formCadastrarAvaliacaoParcial.xhtml;127
http://www.sigeventos.ufrn.br/eventos/public/api/v1/pagamento/registrar;128
http://www.sigeventos.ufrn.br/eventos/interno/avaliacoes/distribuicao/formDistribuiSubmissoes.xhtml;129
http://www.sigeventos.ufrn.br/eventos/public/confirmarCadastro/138a3850f7c8bd1192792103bfeb076208b6e59b/58740;130
http://www.sigeventos.ufrn.br/eventos/public/confirmarAlteracaoSenha/bbf3e457d8b04c0827170eff085764c8ad0871d7/53956;131
http://www.sigeventos.ufrn.br/eventos/interno/cadastros/eventos/listaPeriodosDeInscricaoEquipeOrganizadoraEvento.xhtml;132
http://www.sigeventos.ufrn.br/eventos/public/confirmarCadastro/899cb7da0ad40fe94f61667910c2b8cc871b8f09/47975;133
http://www.sigeventos.ufrn.br/eventos/interno/equipe_organizadora/paginaEscolhePeriodoInscricao.xhtml;134
http://www.sigeventos.ufrn.br/eventos/public/confirmarAlteracaoSenha/6b682b2eb16c9b786b232a7745700137d7806a4d/44987;135
http://www.sigeventos.ufrn.br/eventos/public/confirmarAlteracaoSenha/7ab51191596928078ef91e966d161744cee49971/51966;136
http://www.sigeventos.ufrn.br/eventos/public/confirmarCadastro/0502e307d5aab4d5faad30562ffce71d3a5c92fc/48562;137
http://www.sigeventos.ufrn.br/eventos/public/confirmarAlteracaoSenha/15a6ac98a7f5b796f29e05411939ab6d9d522053/46739;138
http://www.sigeventos.ufrn.br/eventos/public/confirmarAlteracaoSenha/4d377904d4b7cfe7d657b370cfc9cd7943a16f79/46574;139
http://www.sigeventos.ufrn.br/eventos/interno/locais_apresentacao/listaLocaisApresentacaoTrabalho.xhtml;140
http://www.sigeventos.ufrn.br/eventos/public/confirmarCadastro/f86b544bc9f3f110b1f0fa3356fb1622e2d0e240/58529;141
http://www.sigeventos.ufrn.br/eventos/public/confirmarCadastro/e9e8d723fa501ec193d668d614738ad8e038e7d1/57313;142
http://www.sigeventos.ufrn.br/eventos/public/confirmarAlteracaoSenha/1ec720802f9926d806673815129d1232fb402305/46685;143
http://www.sigeventos.ufrn.br/eventos/interno/submissoes/listaEventosPricipaisSubmissoesAbertas.xhtml;144
http://www.sigeventos.ufrn.br/eventos/public/confirmarAlteracaoSenha/a2f5e6d9acd14d709a32de1723f5c08ec08e92e8/47510;145
http://www.sigeventos.ufrn.br/eventos/interno/cadastros/questionario/formConfirmaQuestionario.xhtml;146
http://www.sigeventos.ufrn.br/eventos/public/eventos/paginaCalendarioEventos.xhtml;147
http://www.sigeventos.ufrn.br/eventos/interno/pesquisas/buscaPadraoPessoas.xhtml;148
http://www.sigeventos.ufrn.br/eventos/public/confirmarCadastro/4661311e658e1e963a0ce281e3259b60a2375648/46963;149
http://www.sigeventos.ufrn.br/eventos/interno/cadastros/eventos/formPeriodosDeInscricaoEquipeOrganizadoraEvento.xhtml;150
http://www.sigeventos.ufrn.br/eventos/public/confirmarAlteracaoSenha/2b53691ce74847a6b2ecd1e6c778fdd3a26a0a1e/45001;151
http://www.sigeventos.ufrn.br/eventos/public/confirmarCadastro/01a350aac841627c3112677a76bbae279e487299/57884;152
http://www.sigeventos.ufrn.br/eventos/interno/cadastros/eventos/listaPeriodosDeSubmissaoEvento.xhtml;153
http://www.sigeventos.ufrn.br/eventos/interno/paginaPublicaEvento/formCadastraArquivosEvento.xhtml;154
http://www.sigeventos.ufrn.br/eventos/interno/submissoes/formSubmissaoVersaoFinalGestor.xhtml;155
http://www.sigeventos.ufrn.br/eventos/public/confirmarAlteracaoSenha/96cc7c7d8df3382b7dfa6ee773e08b10d4f4665f/53135;156
http://www.sigeventos.ufrn.br/eventos/interno/submissoes/formConfirmacaoRemocaoSubmissaoGestor.xhtml;157
http://www.sigeventos.ufrn.br/eventos/interno/inscricoes/formInscreveseEvento.xhtml;158
http://www.sigeventos.ufrn.br/eventos/public/confirmarCadastro/be3d1fbce9b61b2d1f380a0999fdfc452874c6ee/57563;159
http://www.sigeventos.ufrn.br/eventos/public/confirmarCadastro/088fb0cf95303d55cfb8bc7b0fb2d1919f19af4d/58788;160
http://www.sigeventos.ufrn.br/eventos/interno/cadastros/questionario/listaQuestionarios.xhtml;161
http://www.sigeventos.ufrn.br/eventos/public/confirmarCadastro/41dec00fdf304e56224c99d6f1e829681d6efd/47980;162
http://www.sigeventos.ufrn.br/eventos/public/confirmarCadastro/d7afdcfae866ebff180dafbd8e7e3801d95ac92b/45237;163
http://www.sigeventos.ufrn.br/eventos/public/confirmarCadastro/7c2bf96a65b8f659a1c57b7ad84600ccd8d247a7/56775;164
http://www.sigeventos.ufrn.br/eventos/interno/notificacoes/formEnviarNotificacao.xhtml;165
http://www.sigeventos.ufrn.br/eventos/public/eventos/paginaMapaEventos.xhtml;166
http://www.sigeventos.ufrn.br/eventos/interno/submissoes/confirmaRemocaoSubmissao.xhtml;167
http://www.sigeventos.ufrn.br/eventos/public/confirmarCadastro/ed0b76512bcc5fed5c65c4c7d705ac2313817072/48962;168
http://www.sigeventos.ufrn.br/eventos/public/confirmarAlteracaoSenha/4c661e1da30ce7ad9166b3eda5e7cb5e2f5b6657/52303;169
http://www.sigeventos.ufrn.br/eventos/public/confirmarAlteracaoSenha/04aaf280568f1b469f7fb42e7ae045e669ca9297/56916;170
http://www.sigeventos.ufrn.br/eventos/interno/cadastros/eventos/listaEventosParaGerenciar.xhtml;171
http://www.sigeventos.ufrn.br/eventos/interno/cadastros/tipoEvento/listaTiposEventos.xhtml;172
http://www.sigeventos.ufrn.br/eventos/public/cadastros/cadastroSigEventos.xhtml;173
http://www.sigeventos.ufrn.br/eventos/interno/cadastros/tipoParticipante/formCadastraTipoParticipante.xhtml;174
http://www.sigeventos.ufrn.br/eventos/interno/cadastros/permissoes/cadastraPermissoesPessoaSelecionada.xhtml;175
http://www.sigeventos.ufrn.br/eventos/interno/cadastros/tipoParticipanteEquipeOrganizadora/listaTiposParticipantes.xhtml;176
http://www.sigeventos.ufrn.br/eventos/interno/submissoes/formGerenciarParticipantesSubmissao.xhtml;177
http://www.sigeventos.ufrn.br/eventos/public/confirmarAlteracaoSenha/3e7ab7157f2d77f8e8e934e9559733a3706d0588/45141;178
http://www.sigeventos.ufrn.br/eventos/interno/equipe_organizadora/listaMinhasIncricoesEquipeOrganizadora.xhtml;179
http://www.sigeventos.ufrn.br/eventos/public/confirmarCadastro/b09efc4a649a34e3518e4cb104d52f03057713c7/58093;180
http://www.sigeventos.ufrn.br/eventos/interno/aaabbb;181
http://www.sigeventos.ufrn.br/eventos/public/tela_ajuda_perguntas_frequentes.xhtml;182
http://www.sigeventos.ufrn.br/eventos/public/confirmarCadastro/9b22ebefe6a43800ea7a74783b27a84e78141e46/47976;183
http://www.sigeventos.ufrn.br/eventos/interno/pesquisas/buscaPadraoUsuariosExternos.xhtml;184
http://www.sigeventos.ufrn.br/eventos/public/confirmarCadastro/df3eb412e295e73814b28f61b64cc826572a6591/46293;185
http://www.sigeventos.ufrn.br/eventos/public/confirmarCadastro/1553caa8dc0d9c34d989e7ae4e3e9d5367757165/46570;186
http://www.sigeventos.ufrn.br/eventos/public/confirmarAlteracaoSenha/c85093003ebf755d18803cbdf7135def978f1ebe/53907;187
http://www.sigeventos.ufrn.br/eventos/interno/cadastros/eventos/listaPeriodosDeInscricaoEvento.xhtml;188
http://www.sigeventos.ufrn.br/eventos/public/home.xhtml;189
http://www.sigeventos.ufrn.br/eventos/interno/cadastros/areaDoTrabalho/formCadastraAreaDoTrabalho.xhtml;190
http://www.sigeventos.ufrn.br/eventos/public/confirmarCadastro/e713bb92a8bfe1ee71b04e6e97b8c4ef3549d8ca/47715;191
http://www.sigeventos.ufrn.br/eventos/interno/certificados/emissaoCertificadoSubmissaoPeloParticipante.xhtml;192
http://www.sigeventos.ufrn.br/eventos/public/confirmarCadastro/4714be6dc5921e365ca3bb2f8db1d1e3df6a4a2e/46292;193
http://www.sigeventos.ufrn.br/eventos/interno/relatorios/comum/listaAreasDoTrabalhoRelatorios.xhtml;194
http://www.sigeventos.ufrn.br/eventos/public/confirmarCadastro/d8be27b8f486f15379d82c1275da30e5af2c4a41/45883;195
http://www.sigeventos.ufrn.br/eventos/interno/cadastros/grupoUnidadeEvento/listaGrupoUnidadeEvento.xhtml;196
http://www.sigeventos.ufrn.br/eventos/public/confirmarCadastro/511853a4f7986c4c526d554a15e50865d9522cc6/45254;197
http://www.sigeventos.ufrn.br/eventos/interno/cadastros/eventos/formCadastraAlteraEvento.xhtml;198
http://www.sigeventos.ufrn.br/eventos/public/confirmarCadastro/b721f21878dcc6432de13c3d4d5a0316f0f6b602/46246;199
http://www.sigeventos.ufrn.br/eventos/public/confirmarCadastro/1eb62f94e72e435048b0e8443a7dc75621b0e22e/46571;200
http://www.sigeventos.ufrn.br/eventos/public/confirmarAlteracaoSenha/cbf6558b7d73caa73b7a2219fe29a3786e0baf94/48537;201
http://www.sigeventos.ufrn.br/eventos/interno/avaliacoes/parciais/listaAvaliacoesNaoRealizadas.xhtml;202
https://eventos.funpec.br/api/v1/sigevento/inscrever;203
http://www.sigeventos.ufrn.br/eventos/interno/avaliacoes/parciais/formAvaliacaoParcial.xhtml;204
http://www.sigeventos.ufrn.br/eventos/interno/inscricoes/formInscricaoByGestor.xhtml;205
http://www.sigeventos.ufrn.br/eventos/public/confirmarAlteracaoSenha/90d1359e1b169b026b6520f09ad7fb1b1a33c19a/55909;206
http://www.sigeventos.ufrn.br/eventos/interno/palestrantes/listaPalestrantesGerenciar.xhtml;207
http://www.sigeventos.ufrn.br/eventos/public/confirmarCadastro/0c996b422acca33b28e5925bfee4e02992e6cafa/47357;208
http://www.sigeventos.ufrn.br/eventos/public/confirmarCadastro/bf3d2d2627b4a2f2232301cc64e2d9e4be021b40/57796;209
http://www.sigeventos.ufrn.br/eventos/public/confirmarCadastro/27ed114a87d3eb319f2a5b6441d67987f2fe42b9/47502;210
http://www.sigeventos.ufrn.br/eventos/interno/cadastros/cadastroSimplificadoSigEventos.xhtml;211
http://www.sigeventos.ufrn.br/eventos/public/confirmarCadastro/cc331d23e3998d2b8757f74945db3a84c198a41f/48493;212
http://www.sigeventos.ufrn.br/eventos/public/confirmarAlteracaoSenha/1d7380569433d741a801505904a8ad875c51c8e6/57082;213
http://www.sigeventos.ufrn.br/eventos/interno/anais/formGerarAnais.xhtml;214
http://www.sigeventos.ufrn.br/eventos/public/confirmarCadastro/6ccd6d5bb76c1d3b4ef2f48d840c586bcc2909bf/57299;215
http://www.sigeventos.ufrn.br/eventos/public/confirmarAlteracaoSenha/3a5ce368d2aaa87d4a18b327e24369a6aed4da48/52221;216
http://www.sigeventos.ufrn.br/eventos/public/confirmarCadastro/8486e1f0b804c9acdbe46caa5cffa85d6c0d3545/45584;217
http://www.sigeventos.ufrn.br/eventos/public/confirmarAlteracaoSenha/81ca448375e1f107d65c747ffcbfefed0a637a66/53671;218
http://www.sigeventos.ufrn.br/eventos/public/confirmarAlteracaoSenha/e6c0766a19d127b0b644144bafaf7612cfef8063/56821;219
http://www.sigeventos.ufrn.br/eventos/interno/submissoes/formSubmissaoGestor.xhtml;220
http://www.sigeventos.ufrn.br/eventos/public/confirmarCadastro/51bec2a9b5a56f4d465937946cb84111ed836b66/58073;221
http://www.sigeventos.ufrn.br/eventos/interno/locais_apresentacao/selecionaLocaisApresentacaoTrabalho.xhtml;222
http://www.sigeventos.ufrn.br/eventos/public/confirmarCadastro/8e1d1b9c6ffd52062dac8559f1c7341a7bcb80d3/58028;223
http://www.sigeventos.ufrn.br/eventos/interno/credenciais/emissaoCredenciaisAvaliadoresSubmissao.xhtml;224
http://www.sigeventos.ufrn.br/eventos/interno/equipe_organizadora/paginaEscolheTipoUsuario.xhtml;225
http://www.sigeventos.ufrn.br/eventos/public/eventos/paginaListaEventosAbertos.xhtml;226
http://www.sigeventos.ufrn.br/eventos/public/even;227
http://www.sigeventos.ufrn.br/eventos/public/confirmarCadastro/cc21b140569fd1106d37daf4949292121020d9f5/47685;228
http://www.sigeventos.ufrn.br/eventos/interno/pesquisas/buscaPadraoEventos.xhtml;229
http://www.sigeventos.ufrn.br/eventos/interno/avaliacoes/distribuicao/formApagarAvaliacoesNaoRealizadas.xhtml;230
http://www.sigeventos.ufrn.br/eventos/public/confirmarCadastro/bf94db08921b902e1846b1c30c1dae03b312afe4/58299;231
http://www.sigeventos.ufrn.br/eventos/interno/inscricoes/paginaEscolheTipoUsuario.xhtml;232
http://www.sigeventos.ufrn.br/eventos/public/confirmarCadastro/130dd1ce549ea7af73bbb36aba6a109530682f6e/45587;233
http://www.sigeventos.ufrn.br/eventos/public/confirmarCadastro/64c902dab62a4b840101437aff575a762675433b/47713;234
http://www.sigeventos.ufrn.br/eventos/public/confirmarCadastro/664e89b60c36fe8f867cc9adfef895504a8b96ef/57675;235
http://www.sigeventos.ufrn.br/eventos/expirada.xhtml;236
http://www.sigeventos.ufrn.br/eventos/interno/cadastros/gerenciaCadastrosSigEventos.xhtml;237
